Work Step Code,Work Step Name,Scope Item Code,Delivery Method Code,Cost Component Code,Work Step Sequence,Included by Default,Notes
WS-PIT-NEW-PRESTART-01__SI-PIT-NEW__DM-PIT-STD,Review drawings and records,SI-PIT-NEW,DM-PIT-STD,CC-PRESTART,10,Yes,
WS-PIT-NEW-PRESTART-02__SI-PIT-NEW__DM-PIT-STD,Confirm site constraints and controls,SI-PIT-NEW,DM-PIT-STD,CC-PRESTART,20,Yes,
WS-PIT-NEW-PRESTART-03__SI-PIT-NEW__DM-PIT-STD,Set out work location,SI-PIT-NEW,DM-PIT-STD,CC-PRESTART,30,Yes,
WS-PIT-NEW-BREAKOUT-01__SI-PIT-NEW__DM-PIT-STD,Break out existing surface,SI-PIT-NEW,DM-PIT-STD,CC-BREAKOUT,10,Conditional,
WS-PIT-NEW-BREAKOUT-02__SI-PIT-NEW__DM-PIT-STD,Remove breakout material,SI-PIT-NEW,DM-PIT-STD,CC-BREAKOUT,20,Conditional,
WS-PIT-NEW-EXC-01__SI-PIT-NEW__DM-PIT-STD,Excavate work area,SI-PIT-NEW,DM-PIT-STD,CC-EXC,10,Yes,
WS-PIT-NEW-EXC-02__SI-PIT-NEW__DM-PIT-STD,Trim formation / sidewalls / base,SI-PIT-NEW,DM-PIT-STD,CC-EXC,20,Yes,
WS-PIT-NEW-SPOIL-01__SI-PIT-NEW__DM-PIT-STD,Classify spoil,SI-PIT-NEW,DM-PIT-STD,CC-SPOIL,10,Yes,
WS-PIT-NEW-SPOIL-02__SI-PIT-NEW__DM-PIT-STD,Stockpile / haul / dispose spoil,SI-PIT-NEW,DM-PIT-STD,CC-SPOIL,20,Yes,
WS-PIT-NEW-BEDDING-01__SI-PIT-NEW__DM-PIT-STD,Place bedding / blinding / levelling layer,SI-PIT-NEW,DM-PIT-STD,CC-BEDDING,10,Yes,
WS-PIT-NEW-INSTALL-01__SI-PIT-NEW__DM-PIT-STD,Install main item,SI-PIT-NEW,DM-PIT-STD,CC-INSTALL,10,Yes,
WS-PIT-NEW-TIEIN-01__SI-PIT-NEW__DM-PIT-STD,Form tie-ins / penetrations / edges,SI-PIT-NEW,DM-PIT-STD,CC-TIEIN,10,Conditional,
WS-PIT-NEW-BFILL-01__SI-PIT-NEW__DM-PIT-STD,Backfill in lifts,SI-PIT-NEW,DM-PIT-STD,CC-BFILL,10,Yes,
WS-PIT-NEW-BFILL-02__SI-PIT-NEW__DM-PIT-STD,Compact backfill / placed material,SI-PIT-NEW,DM-PIT-STD,CC-BFILL,20,Yes,
WS-PIT-NEW-REINSTATE-01__SI-PIT-NEW__DM-PIT-STD,Reinstate local surface,SI-PIT-NEW,DM-PIT-STD,CC-REINSTATE,10,Yes,
WS-PIT-NEW-QA-01__SI-PIT-NEW__DM-PIT-STD,Capture QA records and as-builts,SI-PIT-NEW,DM-PIT-STD,CC-QA,10,Yes,
WS-PIT-NEW-QA-02__SI-PIT-NEW__DM-PIT-STD,Final inspection and closeout,SI-PIT-NEW,DM-PIT-STD,CC-QA,20,Yes,
WS-PIT-NEW-PRESTART-01__SI-PIT-NEW__DM-PIT-LRG,Review drawings and records,SI-PIT-NEW,DM-PIT-LRG,CC-PRESTART,10,Yes,
WS-PIT-NEW-PRESTART-02__SI-PIT-NEW__DM-PIT-LRG,Confirm site constraints and controls,SI-PIT-NEW,DM-PIT-LRG,CC-PRESTART,20,Yes,
WS-PIT-NEW-PRESTART-03__SI-PIT-NEW__DM-PIT-LRG,Set out work location,SI-PIT-NEW,DM-PIT-LRG,CC-PRESTART,30,Yes,
WS-PIT-NEW-BREAKOUT-01__SI-PIT-NEW__DM-PIT-LRG,Break out existing surface,SI-PIT-NEW,DM-PIT-LRG,CC-BREAKOUT,10,Conditional,
WS-PIT-NEW-BREAKOUT-02__SI-PIT-NEW__DM-PIT-LRG,Remove breakout material,SI-PIT-NEW,DM-PIT-LRG,CC-BREAKOUT,20,Conditional,
WS-PIT-NEW-EXC-01__SI-PIT-NEW__DM-PIT-LRG,Excavate work area,SI-PIT-NEW,DM-PIT-LRG,CC-EXC,10,Yes,
WS-PIT-NEW-EXC-02__SI-PIT-NEW__DM-PIT-LRG,Trim formation / sidewalls / base,SI-PIT-NEW,DM-PIT-LRG,CC-EXC,20,Yes,
WS-PIT-NEW-SPOIL-01__SI-PIT-NEW__DM-PIT-LRG,Classify spoil,SI-PIT-NEW,DM-PIT-LRG,CC-SPOIL,10,Yes,
WS-PIT-NEW-SPOIL-02__SI-PIT-NEW__DM-PIT-LRG,Stockpile / haul / dispose spoil,SI-PIT-NEW,DM-PIT-LRG,CC-SPOIL,20,Yes,
WS-PIT-NEW-BEDDING-01__SI-PIT-NEW__DM-PIT-LRG,Place bedding / blinding / levelling layer,SI-PIT-NEW,DM-PIT-LRG,CC-BEDDING,10,Yes,
WS-PIT-NEW-INSTALL-01__SI-PIT-NEW__DM-PIT-LRG,Install main item,SI-PIT-NEW,DM-PIT-LRG,CC-INSTALL,10,Yes,large pit path
WS-PIT-NEW-OVERLAY-01,Apply overlay support activity,SI-PIT-NEW,DM-PIT-LRG,CC-OVERLAY,10,Conditional,
WS-PIT-NEW-TIEIN-01__SI-PIT-NEW__DM-PIT-LRG,Form tie-ins / penetrations / edges,SI-PIT-NEW,DM-PIT-LRG,CC-TIEIN,10,Conditional,
WS-PIT-NEW-BFILL-01__SI-PIT-NEW__DM-PIT-LRG,Backfill in lifts,SI-PIT-NEW,DM-PIT-LRG,CC-BFILL,10,Yes,
WS-PIT-NEW-BFILL-02__SI-PIT-NEW__DM-PIT-LRG,Compact backfill / placed material,SI-PIT-NEW,DM-PIT-LRG,CC-BFILL,20,Yes,
WS-PIT-NEW-REINSTATE-01__SI-PIT-NEW__DM-PIT-LRG,Reinstate local surface,SI-PIT-NEW,DM-PIT-LRG,CC-REINSTATE,10,Yes,
WS-PIT-NEW-QA-01__SI-PIT-NEW__DM-PIT-LRG,Capture QA records and as-builts,SI-PIT-NEW,DM-PIT-LRG,CC-QA,10,Yes,
WS-PIT-NEW-QA-02__SI-PIT-NEW__DM-PIT-LRG,Final inspection and closeout,SI-PIT-NEW,DM-PIT-LRG,CC-QA,20,Yes,
WS-PIT-TIE-PRESTART-01,Review drawings and records,SI-PIT-TIE,DM-PIT-TIE,CC-PRESTART,10,Yes,
WS-PIT-TIE-PRESTART-02,Confirm site constraints and controls,SI-PIT-TIE,DM-PIT-TIE,CC-PRESTART,20,Yes,
WS-PIT-TIE-PRESTART-03,Set out work location,SI-PIT-TIE,DM-PIT-TIE,CC-PRESTART,30,Yes,
WS-PIT-TIE-LOCATE-01,Mark out known and suspected services,SI-PIT-TIE,DM-PIT-TIE,CC-LOCATE,10,Yes,
WS-PIT-TIE-LOCATE-02,Correlate locator information,SI-PIT-TIE,DM-PIT-TIE,CC-LOCATE,20,Yes,
WS-PIT-TIE-PROVE-01,Undertake proving / potholing / NDD,SI-PIT-TIE,DM-PIT-TIE,CC-PROVE,10,Conditional,
WS-PIT-TIE-PROVE-02,Confirm asset location and depth,SI-PIT-TIE,DM-PIT-TIE,CC-PROVE,20,Conditional,
WS-PIT-TIE-PROTECT-01,Protect exposed assets,SI-PIT-TIE,DM-PIT-TIE,CC-PROTECT,10,Conditional,
WS-PIT-TIE-PROTECT-02,Support or barrier exposed assets,SI-PIT-TIE,DM-PIT-TIE,CC-PROTECT,20,Conditional,
WS-PIT-TIE-BREAKOUT-01,Break out existing surface,SI-PIT-TIE,DM-PIT-TIE,CC-BREAKOUT,10,Conditional,
WS-PIT-TIE-BREAKOUT-02,Remove breakout material,SI-PIT-TIE,DM-PIT-TIE,CC-BREAKOUT,20,Conditional,
WS-PIT-TIE-EXC-01,Excavate work area,SI-PIT-TIE,DM-PIT-TIE,CC-EXC,10,Yes,
WS-PIT-TIE-EXC-02,Trim formation / sidewalls / base,SI-PIT-TIE,DM-PIT-TIE,CC-EXC,20,Yes,
WS-PIT-TIE-SPOIL-01,Classify spoil,SI-PIT-TIE,DM-PIT-TIE,CC-SPOIL,10,Yes,
WS-PIT-TIE-SPOIL-02,Stockpile / haul / dispose spoil,SI-PIT-TIE,DM-PIT-TIE,CC-SPOIL,20,Yes,
WS-PIT-TIE-BEDDING-01,Place bedding / blinding / levelling layer,SI-PIT-TIE,DM-PIT-TIE,CC-BEDDING,10,Yes,
WS-PIT-TIE-INSTALL-01,Install main item,SI-PIT-TIE,DM-PIT-TIE,CC-INSTALL,10,Yes,
WS-PIT-TIE-TIEIN-01,Form tie-ins / penetrations / edges,SI-PIT-TIE,DM-PIT-TIE,CC-TIEIN,10,Conditional,
WS-PIT-TIE-BFILL-01,Backfill in lifts,SI-PIT-TIE,DM-PIT-TIE,CC-BFILL,10,Yes,
WS-PIT-TIE-BFILL-02,Compact backfill / placed material,SI-PIT-TIE,DM-PIT-TIE,CC-BFILL,20,Yes,
WS-PIT-TIE-MAKESAFE-01,Make temporary safe,SI-PIT-TIE,DM-PIT-TIE,CC-MAKESAFE,10,Conditional,
WS-PIT-TIE-REINSTATE-01,Reinstate local surface,SI-PIT-TIE,DM-PIT-TIE,CC-REINSTATE,10,Yes,
WS-PIT-TIE-QA-01,Capture QA records and as-builts,SI-PIT-TIE,DM-PIT-TIE,CC-QA,10,Yes,
WS-PIT-TIE-QA-02,Final inspection and closeout,SI-PIT-TIE,DM-PIT-TIE,CC-QA,20,Yes,
WS-PIT-REP-PRESTART-01,Review drawings and records,SI-PIT-REP,DM-PIT-REP,CC-PRESTART,10,Yes,
WS-PIT-REP-PRESTART-02,Confirm site constraints and controls,SI-PIT-REP,DM-PIT-REP,CC-PRESTART,20,Yes,
WS-PIT-REP-PRESTART-03,Set out work location,SI-PIT-REP,DM-PIT-REP,CC-PRESTART,30,Yes,
WS-PIT-REP-LOCATE-01,Mark out known and suspected services,SI-PIT-REP,DM-PIT-REP,CC-LOCATE,10,Yes,
WS-PIT-REP-LOCATE-02,Correlate locator information,SI-PIT-REP,DM-PIT-REP,CC-LOCATE,20,Yes,
WS-PIT-REP-PROVE-01,Undertake proving / potholing / NDD,SI-PIT-REP,DM-PIT-REP,CC-PROVE,10,Conditional,
WS-PIT-REP-PROVE-02,Confirm asset location and depth,SI-PIT-REP,DM-PIT-REP,CC-PROVE,20,Conditional,
WS-PIT-REP-PROTECT-01,Protect exposed assets,SI-PIT-REP,DM-PIT-REP,CC-PROTECT,10,Conditional,
WS-PIT-REP-PROTECT-02,Support or barrier exposed assets,SI-PIT-REP,DM-PIT-REP,CC-PROTECT,20,Conditional,
WS-PIT-REP-BREAKOUT-01,Break out existing surface,SI-PIT-REP,DM-PIT-REP,CC-BREAKOUT,10,Conditional,
WS-PIT-REP-BREAKOUT-02,Remove breakout material,SI-PIT-REP,DM-PIT-REP,CC-BREAKOUT,20,Conditional,
WS-PIT-REP-EXC-01,Excavate work area,SI-PIT-REP,DM-PIT-REP,CC-EXC,10,Yes,
WS-PIT-REP-EXC-02,Trim formation / sidewalls / base,SI-PIT-REP,DM-PIT-REP,CC-EXC,20,Yes,
WS-PIT-REP-SPOIL-01,Classify spoil,SI-PIT-REP,DM-PIT-REP,CC-SPOIL,10,Yes,
WS-PIT-REP-SPOIL-02,Stockpile / haul / dispose spoil,SI-PIT-REP,DM-PIT-REP,CC-SPOIL,20,Yes,
WS-PIT-REP-BEDDING-01,Place bedding / blinding / levelling layer,SI-PIT-REP,DM-PIT-REP,CC-BEDDING,10,Yes,
WS-PIT-REP-INSTALL-01,Install main item,SI-PIT-REP,DM-PIT-REP,CC-INSTALL,10,Yes,
WS-PIT-REP-TIEIN-01,Form tie-ins / penetrations / edges,SI-PIT-REP,DM-PIT-REP,CC-TIEIN,10,Conditional,
WS-PIT-REP-BFILL-01,Backfill in lifts,SI-PIT-REP,DM-PIT-REP,CC-BFILL,10,Yes,
WS-PIT-REP-BFILL-02,Compact backfill / placed material,SI-PIT-REP,DM-PIT-REP,CC-BFILL,20,Yes,
WS-PIT-REP-MAKESAFE-01,Make temporary safe,SI-PIT-REP,DM-PIT-REP,CC-MAKESAFE,10,Conditional,
WS-PIT-REP-REINSTATE-01,Reinstate local surface,SI-PIT-REP,DM-PIT-REP,CC-REINSTATE,10,Yes,
WS-PIT-REP-QA-01,Capture QA records and as-builts,SI-PIT-REP,DM-PIT-REP,CC-QA,10,Yes,
WS-PIT-REP-QA-02,Final inspection and closeout,SI-PIT-REP,DM-PIT-REP,CC-QA,20,Yes,
WS-FP-CONC-PRESTART-01,Review drawings and records,SI-FP-CONC,DM-FP-CONC-LD,CC-PRESTART,10,Yes,
WS-FP-CONC-PRESTART-02,Confirm site constraints and controls,SI-FP-CONC,DM-FP-CONC-LD,CC-PRESTART,20,Yes,
WS-FP-CONC-PRESTART-03,Set out work location,SI-FP-CONC,DM-FP-CONC-LD,CC-PRESTART,30,Yes,
WS-FP-CONC-BREAKOUT-01,Break out existing surface,SI-FP-CONC,DM-FP-CONC-LD,CC-BREAKOUT,10,Conditional,
WS-FP-CONC-BREAKOUT-02,Remove breakout material,SI-FP-CONC,DM-FP-CONC-LD,CC-BREAKOUT,20,Conditional,
WS-FP-CONC-LOCATE-01,Mark out known and suspected services,SI-FP-CONC,DM-FP-CONC-LD,CC-LOCATE,10,Conditional,
WS-FP-CONC-LOCATE-02,Correlate locator information,SI-FP-CONC,DM-FP-CONC-LD,CC-LOCATE,20,Conditional,
WS-FP-CONC-PROVE-01,Undertake proving / potholing / NDD,SI-FP-CONC,DM-FP-CONC-LD,CC-PROVE,10,Conditional,
WS-FP-CONC-PROVE-02,Confirm asset location and depth,SI-FP-CONC,DM-FP-CONC-LD,CC-PROVE,20,Conditional,
WS-FP-CONC-EXC-01,Excavate work area,SI-FP-CONC,DM-FP-CONC-LD,CC-EXC,10,Yes,
WS-FP-CONC-EXC-02,Trim formation / sidewalls / base,SI-FP-CONC,DM-FP-CONC-LD,CC-EXC,20,Yes,
WS-FP-CONC-SPOIL-01,Classify spoil,SI-FP-CONC,DM-FP-CONC-LD,CC-SPOIL,10,Yes,
WS-FP-CONC-SPOIL-02,Stockpile / haul / dispose spoil,SI-FP-CONC,DM-FP-CONC-LD,CC-SPOIL,20,Yes,
WS-FP-CONC-CAP-01,Install separator / geotextile,SI-FP-CONC,DM-FP-CONC-LD,CC-CAP,10,Conditional,
WS-FP-CONC-CAP-02,Place capping layer,SI-FP-CONC,DM-FP-CONC-LD,CC-CAP,20,Conditional,
WS-FP-CONC-SUBBASE-01,Place and compact subbase,SI-FP-CONC,DM-FP-CONC-LD,CC-SUBBASE,10,Yes,
WS-FP-CONC-REINF-01,Install reinforcement / mesh / cast-ins,SI-FP-CONC,DM-FP-CONC-LD,CC-REINF,10,Conditional,
WS-FP-CONC-CONC-01,Pour and finish concrete,SI-FP-CONC,DM-FP-CONC-LD,CC-CONC,10,Yes,
WS-FP-CONC-TIEIN-01,Form tie-ins / penetrations / edges,SI-FP-CONC,DM-FP-CONC-LD,CC-TIEIN,10,Conditional,
WS-FP-CONC-REINSTATE-01,Reinstate local surface,SI-FP-CONC,DM-FP-CONC-LD,CC-REINSTATE,10,Yes,
WS-FP-CONC-QA-01,Capture QA records and as-builts,SI-FP-CONC,DM-FP-CONC-LD,CC-QA,10,Yes,
WS-FP-CONC-QA-02,Final inspection and closeout,SI-FP-CONC,DM-FP-CONC-LD,CC-QA,20,Yes,
WS-FP-ASPH-PRESTART-01,Review drawings and records,SI-FP-ASPH,DM-FP-ASPH-LD,CC-PRESTART,10,Yes,
WS-FP-ASPH-PRESTART-02,Confirm site constraints and controls,SI-FP-ASPH,DM-FP-ASPH-LD,CC-PRESTART,20,Yes,
WS-FP-ASPH-PRESTART-03,Set out work location,SI-FP-ASPH,DM-FP-ASPH-LD,CC-PRESTART,30,Yes,
WS-FP-ASPH-BREAKOUT-01,Break out existing surface,SI-FP-ASPH,DM-FP-ASPH-LD,CC-BREAKOUT,10,Conditional,
WS-FP-ASPH-BREAKOUT-02,Remove breakout material,SI-FP-ASPH,DM-FP-ASPH-LD,CC-BREAKOUT,20,Conditional,
WS-FP-ASPH-LOCATE-01,Mark out known and suspected services,SI-FP-ASPH,DM-FP-ASPH-LD,CC-LOCATE,10,Conditional,
WS-FP-ASPH-LOCATE-02,Correlate locator information,SI-FP-ASPH,DM-FP-ASPH-LD,CC-LOCATE,20,Conditional,
WS-FP-ASPH-PROVE-01,Undertake proving / potholing / NDD,SI-FP-ASPH,DM-FP-ASPH-LD,CC-PROVE,10,Conditional,
WS-FP-ASPH-PROVE-02,Confirm asset location and depth,SI-FP-ASPH,DM-FP-ASPH-LD,CC-PROVE,20,Conditional,
WS-FP-ASPH-EXC-01,Excavate work area,SI-FP-ASPH,DM-FP-ASPH-LD,CC-EXC,10,Yes,
WS-FP-ASPH-EXC-02,Trim formation / sidewalls / base,SI-FP-ASPH,DM-FP-ASPH-LD,CC-EXC,20,Yes,
WS-FP-ASPH-SPOIL-01,Classify spoil,SI-FP-ASPH,DM-FP-ASPH-LD,CC-SPOIL,10,Yes,
WS-FP-ASPH-SPOIL-02,Stockpile / haul / dispose spoil,SI-FP-ASPH,DM-FP-ASPH-LD,CC-SPOIL,20,Yes,
WS-FP-ASPH-CAP-01,Install separator / geotextile,SI-FP-ASPH,DM-FP-ASPH-LD,CC-CAP,10,Conditional,
WS-FP-ASPH-CAP-02,Place capping layer,SI-FP-ASPH,DM-FP-ASPH-LD,CC-CAP,20,Conditional,
WS-FP-ASPH-SUBBASE-01,Place and compact subbase,SI-FP-ASPH,DM-FP-ASPH-LD,CC-SUBBASE,10,Yes,
WS-FP-ASPH-INSTALL-01,Install main item,SI-FP-ASPH,DM-FP-ASPH-LD,CC-INSTALL,10,Yes,asphalt or gravel finish layer
WS-FP-ASPH-TIEIN-01,Form tie-ins / penetrations / edges,SI-FP-ASPH,DM-FP-ASPH-LD,CC-TIEIN,10,Conditional,
WS-FP-ASPH-REINSTATE-01,Reinstate local surface,SI-FP-ASPH,DM-FP-ASPH-LD,CC-REINSTATE,10,Yes,
WS-FP-ASPH-QA-01,Capture QA records and as-builts,SI-FP-ASPH,DM-FP-ASPH-LD,CC-QA,10,Yes,
WS-FP-ASPH-QA-02,Final inspection and closeout,SI-FP-ASPH,DM-FP-ASPH-LD,CC-QA,20,Yes,
WS-FP-GRAV-PRESTART-01,Review drawings and records,SI-FP-GRAV,DM-FP-GRAV-LD,CC-PRESTART,10,Yes,
WS-FP-GRAV-PRESTART-02,Confirm site constraints and controls,SI-FP-GRAV,DM-FP-GRAV-LD,CC-PRESTART,20,Yes,
WS-FP-GRAV-PRESTART-03,Set out work location,SI-FP-GRAV,DM-FP-GRAV-LD,CC-PRESTART,30,Yes,
WS-FP-GRAV-BREAKOUT-01,Break out existing surface,SI-FP-GRAV,DM-FP-GRAV-LD,CC-BREAKOUT,10,Conditional,
WS-FP-GRAV-BREAKOUT-02,Remove breakout material,SI-FP-GRAV,DM-FP-GRAV-LD,CC-BREAKOUT,20,Conditional,
WS-FP-GRAV-LOCATE-01,Mark out known and suspected services,SI-FP-GRAV,DM-FP-GRAV-LD,CC-LOCATE,10,Conditional,
WS-FP-GRAV-LOCATE-02,Correlate locator information,SI-FP-GRAV,DM-FP-GRAV-LD,CC-LOCATE,20,Conditional,
WS-FP-GRAV-PROVE-01,Undertake proving / potholing / NDD,SI-FP-GRAV,DM-FP-GRAV-LD,CC-PROVE,10,Conditional,
WS-FP-GRAV-PROVE-02,Confirm asset location and depth,SI-FP-GRAV,DM-FP-GRAV-LD,CC-PROVE,20,Conditional,
WS-FP-GRAV-EXC-01,Excavate work area,SI-FP-GRAV,DM-FP-GRAV-LD,CC-EXC,10,Yes,
WS-FP-GRAV-EXC-02,Trim formation / sidewalls / base,SI-FP-GRAV,DM-FP-GRAV-LD,CC-EXC,20,Yes,
WS-FP-GRAV-SPOIL-01,Classify spoil,SI-FP-GRAV,DM-FP-GRAV-LD,CC-SPOIL,10,Yes,
WS-FP-GRAV-SPOIL-02,Stockpile / haul / dispose spoil,SI-FP-GRAV,DM-FP-GRAV-LD,CC-SPOIL,20,Yes,
WS-FP-GRAV-CAP-01,Install separator / geotextile,SI-FP-GRAV,DM-FP-GRAV-LD,CC-CAP,10,Conditional,
WS-FP-GRAV-CAP-02,Place capping layer,SI-FP-GRAV,DM-FP-GRAV-LD,CC-CAP,20,Conditional,
WS-FP-GRAV-SUBBASE-01,Place and compact subbase,SI-FP-GRAV,DM-FP-GRAV-LD,CC-SUBBASE,10,Yes,
WS-FP-GRAV-INSTALL-01,Install main item,SI-FP-GRAV,DM-FP-GRAV-LD,CC-INSTALL,10,Yes,asphalt or gravel finish layer
WS-FP-GRAV-TIEIN-01,Form tie-ins / penetrations / edges,SI-FP-GRAV,DM-FP-GRAV-LD,CC-TIEIN,10,Conditional,
WS-FP-GRAV-REINSTATE-01,Reinstate local surface,SI-FP-GRAV,DM-FP-GRAV-LD,CC-REINSTATE,10,Yes,
WS-FP-GRAV-QA-01,Capture QA records and as-builts,SI-FP-GRAV,DM-FP-GRAV-LD,CC-QA,10,Yes,
WS-FP-GRAV-QA-02,Final inspection and closeout,SI-FP-GRAV,DM-FP-GRAV-LD,CC-QA,20,Yes,
WS-DRV-CONC-PRESTART-01,Review drawings and records,SI-DRV-CONC,DM-DRV-CONC-LD,CC-PRESTART,10,Yes,
WS-DRV-CONC-PRESTART-02,Confirm site constraints and controls,SI-DRV-CONC,DM-DRV-CONC-LD,CC-PRESTART,20,Yes,
WS-DRV-CONC-PRESTART-03,Set out work location,SI-DRV-CONC,DM-DRV-CONC-LD,CC-PRESTART,30,Yes,
WS-DRV-CONC-BREAKOUT-01,Break out existing surface,SI-DRV-CONC,DM-DRV-CONC-LD,CC-BREAKOUT,10,Conditional,
WS-DRV-CONC-BREAKOUT-02,Remove breakout material,SI-DRV-CONC,DM-DRV-CONC-LD,CC-BREAKOUT,20,Conditional,
WS-DRV-CONC-LOCATE-01,Mark out known and suspected services,SI-DRV-CONC,DM-DRV-CONC-LD,CC-LOCATE,10,Conditional,
WS-DRV-CONC-LOCATE-02,Correlate locator information,SI-DRV-CONC,DM-DRV-CONC-LD,CC-LOCATE,20,Conditional,
WS-DRV-CONC-PROVE-01,Undertake proving / potholing / NDD,SI-DRV-CONC,DM-DRV-CONC-LD,CC-PROVE,10,Conditional,
WS-DRV-CONC-PROVE-02,Confirm asset location and depth,SI-DRV-CONC,DM-DRV-CONC-LD,CC-PROVE,20,Conditional,
WS-DRV-CONC-EXC-01,Excavate work area,SI-DRV-CONC,DM-DRV-CONC-LD,CC-EXC,10,Yes,
WS-DRV-CONC-EXC-02,Trim formation / sidewalls / base,SI-DRV-CONC,DM-DRV-CONC-LD,CC-EXC,20,Yes,
WS-DRV-CONC-SPOIL-01,Classify spoil,SI-DRV-CONC,DM-DRV-CONC-LD,CC-SPOIL,10,Yes,
WS-DRV-CONC-SPOIL-02,Stockpile / haul / dispose spoil,SI-DRV-CONC,DM-DRV-CONC-LD,CC-SPOIL,20,Yes,
WS-DRV-CONC-CAP-01,Install separator / geotextile,SI-DRV-CONC,DM-DRV-CONC-LD,CC-CAP,10,Conditional,
WS-DRV-CONC-CAP-02,Place capping layer,SI-DRV-CONC,DM-DRV-CONC-LD,CC-CAP,20,Conditional,
WS-DRV-CONC-SUBBASE-01,Place and compact subbase,SI-DRV-CONC,DM-DRV-CONC-LD,CC-SUBBASE,10,Yes,
WS-DRV-CONC-BASE-01,Place and compact basecourse,SI-DRV-CONC,DM-DRV-CONC-LD,CC-BASE,10,Yes,
WS-DRV-CONC-REINF-01,Install reinforcement / mesh / cast-ins,SI-DRV-CONC,DM-DRV-CONC-LD,CC-REINF,10,Conditional,
WS-DRV-CONC-CONC-01,Pour and finish concrete,SI-DRV-CONC,DM-DRV-CONC-LD,CC-CONC,10,Yes,
WS-DRV-CONC-TIEIN-01,Form tie-ins / penetrations / edges,SI-DRV-CONC,DM-DRV-CONC-LD,CC-TIEIN,10,Conditional,
WS-DRV-CONC-REINSTATE-01,Reinstate local surface,SI-DRV-CONC,DM-DRV-CONC-LD,CC-REINSTATE,10,Yes,
WS-DRV-CONC-QA-01,Capture QA records and as-builts,SI-DRV-CONC,DM-DRV-CONC-LD,CC-QA,10,Yes,
WS-DRV-CONC-QA-02,Final inspection and closeout,SI-DRV-CONC,DM-DRV-CONC-LD,CC-QA,20,Yes,
WS-DRV-ASPH-PRESTART-01,Review drawings and records,SI-DRV-ASPH,DM-DRV-ASPH-LD,CC-PRESTART,10,Yes,
WS-DRV-ASPH-PRESTART-02,Confirm site constraints and controls,SI-DRV-ASPH,DM-DRV-ASPH-LD,CC-PRESTART,20,Yes,
WS-DRV-ASPH-PRESTART-03,Set out work location,SI-DRV-ASPH,DM-DRV-ASPH-LD,CC-PRESTART,30,Yes,
WS-DRV-ASPH-BREAKOUT-01,Break out existing surface,SI-DRV-ASPH,DM-DRV-ASPH-LD,CC-BREAKOUT,10,Conditional,
WS-DRV-ASPH-BREAKOUT-02,Remove breakout material,SI-DRV-ASPH,DM-DRV-ASPH-LD,CC-BREAKOUT,20,Conditional,
WS-DRV-ASPH-LOCATE-01,Mark out known and suspected services,SI-DRV-ASPH,DM-DRV-ASPH-LD,CC-LOCATE,10,Conditional,
WS-DRV-ASPH-LOCATE-02,Correlate locator information,SI-DRV-ASPH,DM-DRV-ASPH-LD,CC-LOCATE,20,Conditional,
WS-DRV-ASPH-PROVE-01,Undertake proving / potholing / NDD,SI-DRV-ASPH,DM-DRV-ASPH-LD,CC-PROVE,10,Conditional,
WS-DRV-ASPH-PROVE-02,Confirm asset location and depth,SI-DRV-ASPH,DM-DRV-ASPH-LD,CC-PROVE,20,Conditional,
WS-DRV-ASPH-EXC-01,Excavate work area,SI-DRV-ASPH,DM-DRV-ASPH-LD,CC-EXC,10,Yes,
WS-DRV-ASPH-EXC-02,Trim formation / sidewalls / base,SI-DRV-ASPH,DM-DRV-ASPH-LD,CC-EXC,20,Yes,
WS-DRV-ASPH-SPOIL-01,Classify spoil,SI-DRV-ASPH,DM-DRV-ASPH-LD,CC-SPOIL,10,Yes,
WS-DRV-ASPH-SPOIL-02,Stockpile / haul / dispose spoil,SI-DRV-ASPH,DM-DRV-ASPH-LD,CC-SPOIL,20,Yes,
WS-DRV-ASPH-CAP-01,Install separator / geotextile,SI-DRV-ASPH,DM-DRV-ASPH-LD,CC-CAP,10,Conditional,
WS-DRV-ASPH-CAP-02,Place capping layer,SI-DRV-ASPH,DM-DRV-ASPH-LD,CC-CAP,20,Conditional,
WS-DRV-ASPH-SUBBASE-01,Place and compact subbase,SI-DRV-ASPH,DM-DRV-ASPH-LD,CC-SUBBASE,10,Yes,
WS-DRV-ASPH-BASE-01,Place and compact basecourse,SI-DRV-ASPH,DM-DRV-ASPH-LD,CC-BASE,10,Yes,
WS-DRV-ASPH-INSTALL-01,Install main item,SI-DRV-ASPH,DM-DRV-ASPH-LD,CC-INSTALL,10,Yes,asphalt or gravel finish layer
WS-DRV-ASPH-TIEIN-01,Form tie-ins / penetrations / edges,SI-DRV-ASPH,DM-DRV-ASPH-LD,CC-TIEIN,10,Conditional,
WS-DRV-ASPH-REINSTATE-01,Reinstate local surface,SI-DRV-ASPH,DM-DRV-ASPH-LD,CC-REINSTATE,10,Yes,
WS-DRV-ASPH-QA-01,Capture QA records and as-builts,SI-DRV-ASPH,DM-DRV-ASPH-LD,CC-QA,10,Yes,
WS-DRV-ASPH-QA-02,Final inspection and closeout,SI-DRV-ASPH,DM-DRV-ASPH-LD,CC-QA,20,Yes,
WS-DRV-GRAV-PRESTART-01,Review drawings and records,SI-DRV-GRAV,DM-DRV-GRAV-LD,CC-PRESTART,10,Yes,
WS-DRV-GRAV-PRESTART-02,Confirm site constraints and controls,SI-DRV-GRAV,DM-DRV-GRAV-LD,CC-PRESTART,20,Yes,
WS-DRV-GRAV-PRESTART-03,Set out work location,SI-DRV-GRAV,DM-DRV-GRAV-LD,CC-PRESTART,30,Yes,
WS-DRV-GRAV-BREAKOUT-01,Break out existing surface,SI-DRV-GRAV,DM-DRV-GRAV-LD,CC-BREAKOUT,10,Conditional,
WS-DRV-GRAV-BREAKOUT-02,Remove breakout material,SI-DRV-GRAV,DM-DRV-GRAV-LD,CC-BREAKOUT,20,Conditional,
WS-DRV-GRAV-LOCATE-01,Mark out known and suspected services,SI-DRV-GRAV,DM-DRV-GRAV-LD,CC-LOCATE,10,Conditional,
WS-DRV-GRAV-LOCATE-02,Correlate locator information,SI-DRV-GRAV,DM-DRV-GRAV-LD,CC-LOCATE,20,Conditional,
WS-DRV-GRAV-PROVE-01,Undertake proving / potholing / NDD,SI-DRV-GRAV,DM-DRV-GRAV-LD,CC-PROVE,10,Conditional,
WS-DRV-GRAV-PROVE-02,Confirm asset location and depth,SI-DRV-GRAV,DM-DRV-GRAV-LD,CC-PROVE,20,Conditional,
WS-DRV-GRAV-EXC-01,Excavate work area,SI-DRV-GRAV,DM-DRV-GRAV-LD,CC-EXC,10,Yes,
WS-DRV-GRAV-EXC-02,Trim formation / sidewalls / base,SI-DRV-GRAV,DM-DRV-GRAV-LD,CC-EXC,20,Yes,
WS-DRV-GRAV-SPOIL-01,Classify spoil,SI-DRV-GRAV,DM-DRV-GRAV-LD,CC-SPOIL,10,Yes,
WS-DRV-GRAV-SPOIL-02,Stockpile / haul / dispose spoil,SI-DRV-GRAV,DM-DRV-GRAV-LD,CC-SPOIL,20,Yes,
WS-DRV-GRAV-CAP-01,Install separator / geotextile,SI-DRV-GRAV,DM-DRV-GRAV-LD,CC-CAP,10,Conditional,
WS-DRV-GRAV-CAP-02,Place capping layer,SI-DRV-GRAV,DM-DRV-GRAV-LD,CC-CAP,20,Conditional,
WS-DRV-GRAV-SUBBASE-01,Place and compact subbase,SI-DRV-GRAV,DM-DRV-GRAV-LD,CC-SUBBASE,10,Yes,
WS-DRV-GRAV-BASE-01,Place and compact basecourse,SI-DRV-GRAV,DM-DRV-GRAV-LD,CC-BASE,10,Yes,
WS-DRV-GRAV-INSTALL-01,Install main item,SI-DRV-GRAV,DM-DRV-GRAV-LD,CC-INSTALL,10,Yes,asphalt or gravel finish layer
WS-DRV-GRAV-TIEIN-01,Form tie-ins / penetrations / edges,SI-DRV-GRAV,DM-DRV-GRAV-LD,CC-TIEIN,10,Conditional,
WS-DRV-GRAV-REINSTATE-01,Reinstate local surface,SI-DRV-GRAV,DM-DRV-GRAV-LD,CC-REINSTATE,10,Yes,
WS-DRV-GRAV-QA-01,Capture QA records and as-builts,SI-DRV-GRAV,DM-DRV-GRAV-LD,CC-QA,10,Yes,
WS-DRV-GRAV-QA-02,Final inspection and closeout,SI-DRV-GRAV,DM-DRV-GRAV-LD,CC-QA,20,Yes,
WS-HDS-CONC-PRESTART-01__SI-HDS-CONC__DM-HDS-CONC-LD,Review drawings and records,SI-HDS-CONC,DM-HDS-CONC-LD,CC-PRESTART,10,Yes,
WS-HDS-CONC-PRESTART-02__SI-HDS-CONC__DM-HDS-CONC-LD,Confirm site constraints and controls,SI-HDS-CONC,DM-HDS-CONC-LD,CC-PRESTART,20,Yes,
WS-HDS-CONC-PRESTART-03__SI-HDS-CONC__DM-HDS-CONC-LD,Set out work location,SI-HDS-CONC,DM-HDS-CONC-LD,CC-PRESTART,30,Yes,
WS-HDS-CONC-BREAKOUT-01__SI-HDS-CONC__DM-HDS-CONC-LD,Break out existing surface,SI-HDS-CONC,DM-HDS-CONC-LD,CC-BREAKOUT,10,Conditional,
WS-HDS-CONC-BREAKOUT-02__SI-HDS-CONC__DM-HDS-CONC-LD,Remove breakout material,SI-HDS-CONC,DM-HDS-CONC-LD,CC-BREAKOUT,20,Conditional,
WS-HDS-CONC-LOCATE-01__SI-HDS-CONC__DM-HDS-CONC-LD,Mark out known and suspected services,SI-HDS-CONC,DM-HDS-CONC-LD,CC-LOCATE,10,Conditional,
WS-HDS-CONC-LOCATE-02__SI-HDS-CONC__DM-HDS-CONC-LD,Correlate locator information,SI-HDS-CONC,DM-HDS-CONC-LD,CC-LOCATE,20,Conditional,
WS-HDS-CONC-PROVE-01__SI-HDS-CONC__DM-HDS-CONC-LD,Undertake proving / potholing / NDD,SI-HDS-CONC,DM-HDS-CONC-LD,CC-PROVE,10,Conditional,
WS-HDS-CONC-PROVE-02__SI-HDS-CONC__DM-HDS-CONC-LD,Confirm asset location and depth,SI-HDS-CONC,DM-HDS-CONC-LD,CC-PROVE,20,Conditional,
WS-HDS-CONC-EXC-01__SI-HDS-CONC__DM-HDS-CONC-LD,Excavate work area,SI-HDS-CONC,DM-HDS-CONC-LD,CC-EXC,10,Yes,
WS-HDS-CONC-EXC-02__SI-HDS-CONC__DM-HDS-CONC-LD,Trim formation / sidewalls / base,SI-HDS-CONC,DM-HDS-CONC-LD,CC-EXC,20,Yes,
WS-HDS-CONC-SPOIL-01__SI-HDS-CONC__DM-HDS-CONC-LD,Classify spoil,SI-HDS-CONC,DM-HDS-CONC-LD,CC-SPOIL,10,Yes,
WS-HDS-CONC-SPOIL-02__SI-HDS-CONC__DM-HDS-CONC-LD,Stockpile / haul / dispose spoil,SI-HDS-CONC,DM-HDS-CONC-LD,CC-SPOIL,20,Yes,
WS-HDS-CONC-CAP-01__SI-HDS-CONC__DM-HDS-CONC-LD,Install separator / geotextile,SI-HDS-CONC,DM-HDS-CONC-LD,CC-CAP,10,Conditional,
WS-HDS-CONC-CAP-02__SI-HDS-CONC__DM-HDS-CONC-LD,Place capping layer,SI-HDS-CONC,DM-HDS-CONC-LD,CC-CAP,20,Conditional,
WS-HDS-CONC-SUBBASE-01__SI-HDS-CONC__DM-HDS-CONC-LD,Place and compact subbase,SI-HDS-CONC,DM-HDS-CONC-LD,CC-SUBBASE,10,Yes,
WS-HDS-CONC-BASE-01__SI-HDS-CONC__DM-HDS-CONC-LD,Place and compact basecourse,SI-HDS-CONC,DM-HDS-CONC-LD,CC-BASE,10,Yes,
WS-HDS-CONC-REINF-01__SI-HDS-CONC__DM-HDS-CONC-LD,Install reinforcement / mesh / cast-ins,SI-HDS-CONC,DM-HDS-CONC-LD,CC-REINF,10,Conditional,
WS-HDS-CONC-CONC-01__SI-HDS-CONC__DM-HDS-CONC-LD,Pour and finish concrete,SI-HDS-CONC,DM-HDS-CONC-LD,CC-CONC,10,Yes,
WS-HDS-CONC-TIEIN-01__SI-HDS-CONC__DM-HDS-CONC-LD,Form tie-ins / penetrations / edges,SI-HDS-CONC,DM-HDS-CONC-LD,CC-TIEIN,10,Conditional,
WS-HDS-CONC-REINSTATE-01__SI-HDS-CONC__DM-HDS-CONC-LD,Reinstate local surface,SI-HDS-CONC,DM-HDS-CONC-LD,CC-REINSTATE,10,Yes,
WS-HDS-CONC-QA-01__SI-HDS-CONC__DM-HDS-CONC-LD,Capture QA records and as-builts,SI-HDS-CONC,DM-HDS-CONC-LD,CC-QA,10,Yes,
WS-HDS-CONC-QA-02__SI-HDS-CONC__DM-HDS-CONC-LD,Final inspection and closeout,SI-HDS-CONC,DM-HDS-CONC-LD,CC-QA,20,Yes,
WS-HDS-CONC-PRESTART-01__SI-HDS-CONC__DM-HDS-CONC-HD,Review drawings and records,SI-HDS-CONC,DM-HDS-CONC-HD,CC-PRESTART,10,Yes,
WS-HDS-CONC-PRESTART-02__SI-HDS-CONC__DM-HDS-CONC-HD,Confirm site constraints and controls,SI-HDS-CONC,DM-HDS-CONC-HD,CC-PRESTART,20,Yes,
WS-HDS-CONC-PRESTART-03__SI-HDS-CONC__DM-HDS-CONC-HD,Set out work location,SI-HDS-CONC,DM-HDS-CONC-HD,CC-PRESTART,30,Yes,
WS-HDS-CONC-BREAKOUT-01__SI-HDS-CONC__DM-HDS-CONC-HD,Break out existing surface,SI-HDS-CONC,DM-HDS-CONC-HD,CC-BREAKOUT,10,Conditional,
WS-HDS-CONC-BREAKOUT-02__SI-HDS-CONC__DM-HDS-CONC-HD,Remove breakout material,SI-HDS-CONC,DM-HDS-CONC-HD,CC-BREAKOUT,20,Conditional,
WS-HDS-CONC-LOCATE-01__SI-HDS-CONC__DM-HDS-CONC-HD,Mark out known and suspected services,SI-HDS-CONC,DM-HDS-CONC-HD,CC-LOCATE,10,Conditional,
WS-HDS-CONC-LOCATE-02__SI-HDS-CONC__DM-HDS-CONC-HD,Correlate locator information,SI-HDS-CONC,DM-HDS-CONC-HD,CC-LOCATE,20,Conditional,
WS-HDS-CONC-PROVE-01__SI-HDS-CONC__DM-HDS-CONC-HD,Undertake proving / potholing / NDD,SI-HDS-CONC,DM-HDS-CONC-HD,CC-PROVE,10,Conditional,
WS-HDS-CONC-PROVE-02__SI-HDS-CONC__DM-HDS-CONC-HD,Confirm asset location and depth,SI-HDS-CONC,DM-HDS-CONC-HD,CC-PROVE,20,Conditional,
WS-HDS-CONC-EXC-01__SI-HDS-CONC__DM-HDS-CONC-HD,Excavate work area,SI-HDS-CONC,DM-HDS-CONC-HD,CC-EXC,10,Yes,
WS-HDS-CONC-EXC-02__SI-HDS-CONC__DM-HDS-CONC-HD,Trim formation / sidewalls / base,SI-HDS-CONC,DM-HDS-CONC-HD,CC-EXC,20,Yes,
WS-HDS-CONC-SPOIL-01__SI-HDS-CONC__DM-HDS-CONC-HD,Classify spoil,SI-HDS-CONC,DM-HDS-CONC-HD,CC-SPOIL,10,Yes,
WS-HDS-CONC-SPOIL-02__SI-HDS-CONC__DM-HDS-CONC-HD,Stockpile / haul / dispose spoil,SI-HDS-CONC,DM-HDS-CONC-HD,CC-SPOIL,20,Yes,
WS-HDS-CONC-CAP-01__SI-HDS-CONC__DM-HDS-CONC-HD,Install separator / geotextile,SI-HDS-CONC,DM-HDS-CONC-HD,CC-CAP,10,Conditional,
WS-HDS-CONC-CAP-02__SI-HDS-CONC__DM-HDS-CONC-HD,Place capping layer,SI-HDS-CONC,DM-HDS-CONC-HD,CC-CAP,20,Conditional,
WS-HDS-CONC-SUBBASE-01__SI-HDS-CONC__DM-HDS-CONC-HD,Place and compact subbase,SI-HDS-CONC,DM-HDS-CONC-HD,CC-SUBBASE,10,Yes,
WS-HDS-CONC-BASE-01__SI-HDS-CONC__DM-HDS-CONC-HD,Place and compact basecourse,SI-HDS-CONC,DM-HDS-CONC-HD,CC-BASE,10,Yes,
WS-HDS-CONC-REINF-01__SI-HDS-CONC__DM-HDS-CONC-HD,Install reinforcement / mesh / cast-ins,SI-HDS-CONC,DM-HDS-CONC-HD,CC-REINF,10,Conditional,
WS-HDS-CONC-CONC-01__SI-HDS-CONC__DM-HDS-CONC-HD,Pour and finish concrete,SI-HDS-CONC,DM-HDS-CONC-HD,CC-CONC,10,Yes,
WS-HDS-CONC-TIEIN-01__SI-HDS-CONC__DM-HDS-CONC-HD,Form tie-ins / penetrations / edges,SI-HDS-CONC,DM-HDS-CONC-HD,CC-TIEIN,10,Conditional,
WS-HDS-CONC-REINSTATE-01__SI-HDS-CONC__DM-HDS-CONC-HD,Reinstate local surface,SI-HDS-CONC,DM-HDS-CONC-HD,CC-REINSTATE,10,Yes,
WS-HDS-CONC-QA-01__SI-HDS-CONC__DM-HDS-CONC-HD,Capture QA records and as-builts,SI-HDS-CONC,DM-HDS-CONC-HD,CC-QA,10,Yes,
WS-HDS-CONC-QA-02__SI-HDS-CONC__DM-HDS-CONC-HD,Final inspection and closeout,SI-HDS-CONC,DM-HDS-CONC-HD,CC-QA,20,Yes,
WS-HDS-ASPH-PRESTART-01__SI-HDS-ASPH__DM-HDS-ASPH-LD,Review drawings and records,SI-HDS-ASPH,DM-HDS-ASPH-LD,CC-PRESTART,10,Yes,
WS-HDS-ASPH-PRESTART-02__SI-HDS-ASPH__DM-HDS-ASPH-LD,Confirm site constraints and controls,SI-HDS-ASPH,DM-HDS-ASPH-LD,CC-PRESTART,20,Yes,
WS-HDS-ASPH-PRESTART-03__SI-HDS-ASPH__DM-HDS-ASPH-LD,Set out work location,SI-HDS-ASPH,DM-HDS-ASPH-LD,CC-PRESTART,30,Yes,
WS-HDS-ASPH-BREAKOUT-01__SI-HDS-ASPH__DM-HDS-ASPH-LD,Break out existing surface,SI-HDS-ASPH,DM-HDS-ASPH-LD,CC-BREAKOUT,10,Conditional,
WS-HDS-ASPH-BREAKOUT-02__SI-HDS-ASPH__DM-HDS-ASPH-LD,Remove breakout material,SI-HDS-ASPH,DM-HDS-ASPH-LD,CC-BREAKOUT,20,Conditional,
WS-HDS-ASPH-LOCATE-01__SI-HDS-ASPH__DM-HDS-ASPH-LD,Mark out known and suspected services,SI-HDS-ASPH,DM-HDS-ASPH-LD,CC-LOCATE,10,Conditional,
WS-HDS-ASPH-LOCATE-02__SI-HDS-ASPH__DM-HDS-ASPH-LD,Correlate locator information,SI-HDS-ASPH,DM-HDS-ASPH-LD,CC-LOCATE,20,Conditional,
WS-HDS-ASPH-PROVE-01__SI-HDS-ASPH__DM-HDS-ASPH-LD,Undertake proving / potholing / NDD,SI-HDS-ASPH,DM-HDS-ASPH-LD,CC-PROVE,10,Conditional,
WS-HDS-ASPH-PROVE-02__SI-HDS-ASPH__DM-HDS-ASPH-LD,Confirm asset location and depth,SI-HDS-ASPH,DM-HDS-ASPH-LD,CC-PROVE,20,Conditional,
WS-HDS-ASPH-EXC-01__SI-HDS-ASPH__DM-HDS-ASPH-LD,Excavate work area,SI-HDS-ASPH,DM-HDS-ASPH-LD,CC-EXC,10,Yes,
WS-HDS-ASPH-EXC-02__SI-HDS-ASPH__DM-HDS-ASPH-LD,Trim formation / sidewalls / base,SI-HDS-ASPH,DM-HDS-ASPH-LD,CC-EXC,20,Yes,
WS-HDS-ASPH-SPOIL-01__SI-HDS-ASPH__DM-HDS-ASPH-LD,Classify spoil,SI-HDS-ASPH,DM-HDS-ASPH-LD,CC-SPOIL,10,Yes,
WS-HDS-ASPH-SPOIL-02__SI-HDS-ASPH__DM-HDS-ASPH-LD,Stockpile / haul / dispose spoil,SI-HDS-ASPH,DM-HDS-ASPH-LD,CC-SPOIL,20,Yes,
WS-HDS-ASPH-CAP-01__SI-HDS-ASPH__DM-HDS-ASPH-LD,Install separator / geotextile,SI-HDS-ASPH,DM-HDS-ASPH-LD,CC-CAP,10,Conditional,
WS-HDS-ASPH-CAP-02__SI-HDS-ASPH__DM-HDS-ASPH-LD,Place capping layer,SI-HDS-ASPH,DM-HDS-ASPH-LD,CC-CAP,20,Conditional,
WS-HDS-ASPH-SUBBASE-01__SI-HDS-ASPH__DM-HDS-ASPH-LD,Place and compact subbase,SI-HDS-ASPH,DM-HDS-ASPH-LD,CC-SUBBASE,10,Yes,
WS-HDS-ASPH-BASE-01__SI-HDS-ASPH__DM-HDS-ASPH-LD,Place and compact basecourse,SI-HDS-ASPH,DM-HDS-ASPH-LD,CC-BASE,10,Yes,
WS-HDS-ASPH-INSTALL-01__SI-HDS-ASPH__DM-HDS-ASPH-LD,Install main item,SI-HDS-ASPH,DM-HDS-ASPH-LD,CC-INSTALL,10,Yes,asphalt or gravel finish layer
WS-HDS-ASPH-TIEIN-01__SI-HDS-ASPH__DM-HDS-ASPH-LD,Form tie-ins / penetrations / edges,SI-HDS-ASPH,DM-HDS-ASPH-LD,CC-TIEIN,10,Conditional,
WS-HDS-ASPH-REINSTATE-01__SI-HDS-ASPH__DM-HDS-ASPH-LD,Reinstate local surface,SI-HDS-ASPH,DM-HDS-ASPH-LD,CC-REINSTATE,10,Yes,
WS-HDS-ASPH-QA-01__SI-HDS-ASPH__DM-HDS-ASPH-LD,Capture QA records and as-builts,SI-HDS-ASPH,DM-HDS-ASPH-LD,CC-QA,10,Yes,
WS-HDS-ASPH-QA-02__SI-HDS-ASPH__DM-HDS-ASPH-LD,Final inspection and closeout,SI-HDS-ASPH,DM-HDS-ASPH-LD,CC-QA,20,Yes,
WS-HDS-ASPH-PRESTART-01__SI-HDS-ASPH__DM-HDS-ASPH-HD,Review drawings and records,SI-HDS-ASPH,DM-HDS-ASPH-HD,CC-PRESTART,10,Yes,
WS-HDS-ASPH-PRESTART-02__SI-HDS-ASPH__DM-HDS-ASPH-HD,Confirm site constraints and controls,SI-HDS-ASPH,DM-HDS-ASPH-HD,CC-PRESTART,20,Yes,
WS-HDS-ASPH-PRESTART-03__SI-HDS-ASPH__DM-HDS-ASPH-HD,Set out work location,SI-HDS-ASPH,DM-HDS-ASPH-HD,CC-PRESTART,30,Yes,
WS-HDS-ASPH-BREAKOUT-01__SI-HDS-ASPH__DM-HDS-ASPH-HD,Break out existing surface,SI-HDS-ASPH,DM-HDS-ASPH-HD,CC-BREAKOUT,10,Conditional,
WS-HDS-ASPH-BREAKOUT-02__SI-HDS-ASPH__DM-HDS-ASPH-HD,Remove breakout material,SI-HDS-ASPH,DM-HDS-ASPH-HD,CC-BREAKOUT,20,Conditional,
WS-HDS-ASPH-LOCATE-01__SI-HDS-ASPH__DM-HDS-ASPH-HD,Mark out known and suspected services,SI-HDS-ASPH,DM-HDS-ASPH-HD,CC-LOCATE,10,Conditional,
WS-HDS-ASPH-LOCATE-02__SI-HDS-ASPH__DM-HDS-ASPH-HD,Correlate locator information,SI-HDS-ASPH,DM-HDS-ASPH-HD,CC-LOCATE,20,Conditional,
WS-HDS-ASPH-PROVE-01__SI-HDS-ASPH__DM-HDS-ASPH-HD,Undertake proving / potholing / NDD,SI-HDS-ASPH,DM-HDS-ASPH-HD,CC-PROVE,10,Conditional,
WS-HDS-ASPH-PROVE-02__SI-HDS-ASPH__DM-HDS-ASPH-HD,Confirm asset location and depth,SI-HDS-ASPH,DM-HDS-ASPH-HD,CC-PROVE,20,Conditional,
WS-HDS-ASPH-EXC-01__SI-HDS-ASPH__DM-HDS-ASPH-HD,Excavate work area,SI-HDS-ASPH,DM-HDS-ASPH-HD,CC-EXC,10,Yes,
WS-HDS-ASPH-EXC-02__SI-HDS-ASPH__DM-HDS-ASPH-HD,Trim formation / sidewalls / base,SI-HDS-ASPH,DM-HDS-ASPH-HD,CC-EXC,20,Yes,
WS-HDS-ASPH-SPOIL-01__SI-HDS-ASPH__DM-HDS-ASPH-HD,Classify spoil,SI-HDS-ASPH,DM-HDS-ASPH-HD,CC-SPOIL,10,Yes,
WS-HDS-ASPH-SPOIL-02__SI-HDS-ASPH__DM-HDS-ASPH-HD,Stockpile / haul / dispose spoil,SI-HDS-ASPH,DM-HDS-ASPH-HD,CC-SPOIL,20,Yes,
WS-HDS-ASPH-CAP-01__SI-HDS-ASPH__DM-HDS-ASPH-HD,Install separator / geotextile,SI-HDS-ASPH,DM-HDS-ASPH-HD,CC-CAP,10,Conditional,
WS-HDS-ASPH-CAP-02__SI-HDS-ASPH__DM-HDS-ASPH-HD,Place capping layer,SI-HDS-ASPH,DM-HDS-ASPH-HD,CC-CAP,20,Conditional,
WS-HDS-ASPH-SUBBASE-01__SI-HDS-ASPH__DM-HDS-ASPH-HD,Place and compact subbase,SI-HDS-ASPH,DM-HDS-ASPH-HD,CC-SUBBASE,10,Yes,
WS-HDS-ASPH-BASE-01__SI-HDS-ASPH__DM-HDS-ASPH-HD,Place and compact basecourse,SI-HDS-ASPH,DM-HDS-ASPH-HD,CC-BASE,10,Yes,
WS-HDS-ASPH-INSTALL-01__SI-HDS-ASPH__DM-HDS-ASPH-HD,Install main item,SI-HDS-ASPH,DM-HDS-ASPH-HD,CC-INSTALL,10,Yes,asphalt or gravel finish layer
WS-HDS-ASPH-TIEIN-01__SI-HDS-ASPH__DM-HDS-ASPH-HD,Form tie-ins / penetrations / edges,SI-HDS-ASPH,DM-HDS-ASPH-HD,CC-TIEIN,10,Conditional,
WS-HDS-ASPH-REINSTATE-01__SI-HDS-ASPH__DM-HDS-ASPH-HD,Reinstate local surface,SI-HDS-ASPH,DM-HDS-ASPH-HD,CC-REINSTATE,10,Yes,
WS-HDS-ASPH-QA-01__SI-HDS-ASPH__DM-HDS-ASPH-HD,Capture QA records and as-builts,SI-HDS-ASPH,DM-HDS-ASPH-HD,CC-QA,10,Yes,
WS-HDS-ASPH-QA-02__SI-HDS-ASPH__DM-HDS-ASPH-HD,Final inspection and closeout,SI-HDS-ASPH,DM-HDS-ASPH-HD,CC-QA,20,Yes,
WS-HDS-GRAV-PRESTART-01__SI-HDS-GRAV__DM-HDS-GRAV-LD,Review drawings and records,SI-HDS-GRAV,DM-HDS-GRAV-LD,CC-PRESTART,10,Yes,
WS-HDS-GRAV-PRESTART-02__SI-HDS-GRAV__DM-HDS-GRAV-LD,Confirm site constraints and controls,SI-HDS-GRAV,DM-HDS-GRAV-LD,CC-PRESTART,20,Yes,
WS-HDS-GRAV-PRESTART-03__SI-HDS-GRAV__DM-HDS-GRAV-LD,Set out work location,SI-HDS-GRAV,DM-HDS-GRAV-LD,CC-PRESTART,30,Yes,
WS-HDS-GRAV-BREAKOUT-01__SI-HDS-GRAV__DM-HDS-GRAV-LD,Break out existing surface,SI-HDS-GRAV,DM-HDS-GRAV-LD,CC-BREAKOUT,10,Conditional,
WS-HDS-GRAV-BREAKOUT-02__SI-HDS-GRAV__DM-HDS-GRAV-LD,Remove breakout material,SI-HDS-GRAV,DM-HDS-GRAV-LD,CC-BREAKOUT,20,Conditional,
WS-HDS-GRAV-LOCATE-01__SI-HDS-GRAV__DM-HDS-GRAV-LD,Mark out known and suspected services,SI-HDS-GRAV,DM-HDS-GRAV-LD,CC-LOCATE,10,Conditional,
WS-HDS-GRAV-LOCATE-02__SI-HDS-GRAV__DM-HDS-GRAV-LD,Correlate locator information,SI-HDS-GRAV,DM-HDS-GRAV-LD,CC-LOCATE,20,Conditional,
WS-HDS-GRAV-PROVE-01__SI-HDS-GRAV__DM-HDS-GRAV-LD,Undertake proving / potholing / NDD,SI-HDS-GRAV,DM-HDS-GRAV-LD,CC-PROVE,10,Conditional,
WS-HDS-GRAV-PROVE-02__SI-HDS-GRAV__DM-HDS-GRAV-LD,Confirm asset location and depth,SI-HDS-GRAV,DM-HDS-GRAV-LD,CC-PROVE,20,Conditional,
WS-HDS-GRAV-EXC-01__SI-HDS-GRAV__DM-HDS-GRAV-LD,Excavate work area,SI-HDS-GRAV,DM-HDS-GRAV-LD,CC-EXC,10,Yes,
WS-HDS-GRAV-EXC-02__SI-HDS-GRAV__DM-HDS-GRAV-LD,Trim formation / sidewalls / base,SI-HDS-GRAV,DM-HDS-GRAV-LD,CC-EXC,20,Yes,
WS-HDS-GRAV-SPOIL-01__SI-HDS-GRAV__DM-HDS-GRAV-LD,Classify spoil,SI-HDS-GRAV,DM-HDS-GRAV-LD,CC-SPOIL,10,Yes,
WS-HDS-GRAV-SPOIL-02__SI-HDS-GRAV__DM-HDS-GRAV-LD,Stockpile / haul / dispose spoil,SI-HDS-GRAV,DM-HDS-GRAV-LD,CC-SPOIL,20,Yes,
WS-HDS-GRAV-CAP-01__SI-HDS-GRAV__DM-HDS-GRAV-LD,Install separator / geotextile,SI-HDS-GRAV,DM-HDS-GRAV-LD,CC-CAP,10,Conditional,
WS-HDS-GRAV-CAP-02__SI-HDS-GRAV__DM-HDS-GRAV-LD,Place capping layer,SI-HDS-GRAV,DM-HDS-GRAV-LD,CC-CAP,20,Conditional,
WS-HDS-GRAV-SUBBASE-01__SI-HDS-GRAV__DM-HDS-GRAV-LD,Place and compact subbase,SI-HDS-GRAV,DM-HDS-GRAV-LD,CC-SUBBASE,10,Yes,
WS-HDS-GRAV-BASE-01__SI-HDS-GRAV__DM-HDS-GRAV-LD,Place and compact basecourse,SI-HDS-GRAV,DM-HDS-GRAV-LD,CC-BASE,10,Yes,
WS-HDS-GRAV-INSTALL-01__SI-HDS-GRAV__DM-HDS-GRAV-LD,Install main item,SI-HDS-GRAV,DM-HDS-GRAV-LD,CC-INSTALL,10,Yes,asphalt or gravel finish layer
WS-HDS-GRAV-TIEIN-01__SI-HDS-GRAV__DM-HDS-GRAV-LD,Form tie-ins / penetrations / edges,SI-HDS-GRAV,DM-HDS-GRAV-LD,CC-TIEIN,10,Conditional,
WS-HDS-GRAV-REINSTATE-01__SI-HDS-GRAV__DM-HDS-GRAV-LD,Reinstate local surface,SI-HDS-GRAV,DM-HDS-GRAV-LD,CC-REINSTATE,10,Yes,
WS-HDS-GRAV-QA-01__SI-HDS-GRAV__DM-HDS-GRAV-LD,Capture QA records and as-builts,SI-HDS-GRAV,DM-HDS-GRAV-LD,CC-QA,10,Yes,
WS-HDS-GRAV-QA-02__SI-HDS-GRAV__DM-HDS-GRAV-LD,Final inspection and closeout,SI-HDS-GRAV,DM-HDS-GRAV-LD,CC-QA,20,Yes,
WS-HDS-GRAV-PRESTART-01__SI-HDS-GRAV__DM-HDS-GRAV-HD,Review drawings and records,SI-HDS-GRAV,DM-HDS-GRAV-HD,CC-PRESTART,10,Yes,
WS-HDS-GRAV-PRESTART-02__SI-HDS-GRAV__DM-HDS-GRAV-HD,Confirm site constraints and controls,SI-HDS-GRAV,DM-HDS-GRAV-HD,CC-PRESTART,20,Yes,
WS-HDS-GRAV-PRESTART-03__SI-HDS-GRAV__DM-HDS-GRAV-HD,Set out work location,SI-HDS-GRAV,DM-HDS-GRAV-HD,CC-PRESTART,30,Yes,
WS-HDS-GRAV-BREAKOUT-01__SI-HDS-GRAV__DM-HDS-GRAV-HD,Break out existing surface,SI-HDS-GRAV,DM-HDS-GRAV-HD,CC-BREAKOUT,10,Conditional,
WS-HDS-GRAV-BREAKOUT-02__SI-HDS-GRAV__DM-HDS-GRAV-HD,Remove breakout material,SI-HDS-GRAV,DM-HDS-GRAV-HD,CC-BREAKOUT,20,Conditional,
WS-HDS-GRAV-LOCATE-01__SI-HDS-GRAV__DM-HDS-GRAV-HD,Mark out known and suspected services,SI-HDS-GRAV,DM-HDS-GRAV-HD,CC-LOCATE,10,Conditional,
WS-HDS-GRAV-LOCATE-02__SI-HDS-GRAV__DM-HDS-GRAV-HD,Correlate locator information,SI-HDS-GRAV,DM-HDS-GRAV-HD,CC-LOCATE,20,Conditional,
WS-HDS-GRAV-PROVE-01__SI-HDS-GRAV__DM-HDS-GRAV-HD,Undertake proving / potholing / NDD,SI-HDS-GRAV,DM-HDS-GRAV-HD,CC-PROVE,10,Conditional,
WS-HDS-GRAV-PROVE-02__SI-HDS-GRAV__DM-HDS-GRAV-HD,Confirm asset location and depth,SI-HDS-GRAV,DM-HDS-GRAV-HD,CC-PROVE,20,Conditional,
WS-HDS-GRAV-EXC-01__SI-HDS-GRAV__DM-HDS-GRAV-HD,Excavate work area,SI-HDS-GRAV,DM-HDS-GRAV-HD,CC-EXC,10,Yes,
WS-HDS-GRAV-EXC-02__SI-HDS-GRAV__DM-HDS-GRAV-HD,Trim formation / sidewalls / base,SI-HDS-GRAV,DM-HDS-GRAV-HD,CC-EXC,20,Yes,
WS-HDS-GRAV-SPOIL-01__SI-HDS-GRAV__DM-HDS-GRAV-HD,Classify spoil,SI-HDS-GRAV,DM-HDS-GRAV-HD,CC-SPOIL,10,Yes,
WS-HDS-GRAV-SPOIL-02__SI-HDS-GRAV__DM-HDS-GRAV-HD,Stockpile / haul / dispose spoil,SI-HDS-GRAV,DM-HDS-GRAV-HD,CC-SPOIL,20,Yes,
WS-HDS-GRAV-CAP-01__SI-HDS-GRAV__DM-HDS-GRAV-HD,Install separator / geotextile,SI-HDS-GRAV,DM-HDS-GRAV-HD,CC-CAP,10,Conditional,
WS-HDS-GRAV-CAP-02__SI-HDS-GRAV__DM-HDS-GRAV-HD,Place capping layer,SI-HDS-GRAV,DM-HDS-GRAV-HD,CC-CAP,20,Conditional,
WS-HDS-GRAV-SUBBASE-01__SI-HDS-GRAV__DM-HDS-GRAV-HD,Place and compact subbase,SI-HDS-GRAV,DM-HDS-GRAV-HD,CC-SUBBASE,10,Yes,
WS-HDS-GRAV-BASE-01__SI-HDS-GRAV__DM-HDS-GRAV-HD,Place and compact basecourse,SI-HDS-GRAV,DM-HDS-GRAV-HD,CC-BASE,10,Yes,
WS-HDS-GRAV-INSTALL-01__SI-HDS-GRAV__DM-HDS-GRAV-HD,Install main item,SI-HDS-GRAV,DM-HDS-GRAV-HD,CC-INSTALL,10,Yes,asphalt or gravel finish layer
WS-HDS-GRAV-TIEIN-01__SI-HDS-GRAV__DM-HDS-GRAV-HD,Form tie-ins / penetrations / edges,SI-HDS-GRAV,DM-HDS-GRAV-HD,CC-TIEIN,10,Conditional,
WS-HDS-GRAV-REINSTATE-01__SI-HDS-GRAV__DM-HDS-GRAV-HD,Reinstate local surface,SI-HDS-GRAV,DM-HDS-GRAV-HD,CC-REINSTATE,10,Yes,
WS-HDS-GRAV-QA-01__SI-HDS-GRAV__DM-HDS-GRAV-HD,Capture QA records and as-builts,SI-HDS-GRAV,DM-HDS-GRAV-HD,CC-QA,10,Yes,
WS-HDS-GRAV-QA-02__SI-HDS-GRAV__DM-HDS-GRAV-HD,Final inspection and closeout,SI-HDS-GRAV,DM-HDS-GRAV-HD,CC-QA,20,Yes,
WS-PROV-NDD-PRESTART-01,Review drawings and records,SI-PROV-NDD,DM-PROV-NDD,CC-PRESTART,10,Yes,
WS-PROV-NDD-PRESTART-02,Confirm site constraints and controls,SI-PROV-NDD,DM-PROV-NDD,CC-PRESTART,20,Yes,
WS-PROV-NDD-PRESTART-03,Set out work location,SI-PROV-NDD,DM-PROV-NDD,CC-PRESTART,30,Yes,
WS-PROV-NDD-LOCATE-01,Mark out known and suspected services,SI-PROV-NDD,DM-PROV-NDD,CC-LOCATE,10,Yes,
WS-PROV-NDD-LOCATE-02,Correlate locator information,SI-PROV-NDD,DM-PROV-NDD,CC-LOCATE,20,Yes,
WS-PROV-NDD-BREAKOUT-01,Break out existing surface,SI-PROV-NDD,DM-PROV-NDD,CC-BREAKOUT,10,Conditional,
WS-PROV-NDD-BREAKOUT-02,Remove breakout material,SI-PROV-NDD,DM-PROV-NDD,CC-BREAKOUT,20,Conditional,
WS-PROV-NDD-PROVE-01,Undertake proving / potholing / NDD,SI-PROV-NDD,DM-PROV-NDD,CC-PROVE,10,Yes,
WS-PROV-NDD-PROVE-02,Confirm asset location and depth,SI-PROV-NDD,DM-PROV-NDD,CC-PROVE,20,Yes,
WS-PROV-NDD-PROTECT-01,Protect exposed assets,SI-PROV-NDD,DM-PROV-NDD,CC-PROTECT,10,Conditional,
WS-PROV-NDD-PROTECT-02,Support or barrier exposed assets,SI-PROV-NDD,DM-PROV-NDD,CC-PROTECT,20,Conditional,
WS-PROV-NDD-SPOIL-01,Classify spoil,SI-PROV-NDD,DM-PROV-NDD,CC-SPOIL,10,Yes,
WS-PROV-NDD-SPOIL-02,Stockpile / haul / dispose spoil,SI-PROV-NDD,DM-PROV-NDD,CC-SPOIL,20,Yes,
WS-PROV-NDD-MAKESAFE-01,Make temporary safe,SI-PROV-NDD,DM-PROV-NDD,CC-MAKESAFE,10,Conditional,
WS-PROV-NDD-REINSTATE-01,Reinstate local surface,SI-PROV-NDD,DM-PROV-NDD,CC-REINSTATE,10,Conditional,
WS-PROV-NDD-QA-01,Capture QA records and as-builts,SI-PROV-NDD,DM-PROV-NDD,CC-QA,10,Yes,
WS-PROV-NDD-QA-02,Final inspection and closeout,SI-PROV-NDD,DM-PROV-NDD,CC-QA,20,Yes,
WS-PROV-POT-PRESTART-01,Review drawings and records,SI-PROV-POT,DM-PROV-POT,CC-PRESTART,10,Yes,
WS-PROV-POT-PRESTART-02,Confirm site constraints and controls,SI-PROV-POT,DM-PROV-POT,CC-PRESTART,20,Yes,
WS-PROV-POT-PRESTART-03,Set out work location,SI-PROV-POT,DM-PROV-POT,CC-PRESTART,30,Yes,
WS-PROV-POT-LOCATE-01,Mark out known and suspected services,SI-PROV-POT,DM-PROV-POT,CC-LOCATE,10,Yes,
WS-PROV-POT-LOCATE-02,Correlate locator information,SI-PROV-POT,DM-PROV-POT,CC-LOCATE,20,Yes,
WS-PROV-POT-BREAKOUT-01,Break out existing surface,SI-PROV-POT,DM-PROV-POT,CC-BREAKOUT,10,Conditional,
WS-PROV-POT-BREAKOUT-02,Remove breakout material,SI-PROV-POT,DM-PROV-POT,CC-BREAKOUT,20,Conditional,
WS-PROV-POT-PROVE-01,Undertake proving / potholing / NDD,SI-PROV-POT,DM-PROV-POT,CC-PROVE,10,Yes,
WS-PROV-POT-PROVE-02,Confirm asset location and depth,SI-PROV-POT,DM-PROV-POT,CC-PROVE,20,Yes,
WS-PROV-POT-PROTECT-01,Protect exposed assets,SI-PROV-POT,DM-PROV-POT,CC-PROTECT,10,Conditional,
WS-PROV-POT-PROTECT-02,Support or barrier exposed assets,SI-PROV-POT,DM-PROV-POT,CC-PROTECT,20,Conditional,
WS-PROV-POT-SPOIL-01,Classify spoil,SI-PROV-POT,DM-PROV-POT,CC-SPOIL,10,Yes,
WS-PROV-POT-SPOIL-02,Stockpile / haul / dispose spoil,SI-PROV-POT,DM-PROV-POT,CC-SPOIL,20,Yes,
WS-PROV-POT-MAKESAFE-01,Make temporary safe,SI-PROV-POT,DM-PROV-POT,CC-MAKESAFE,10,Conditional,
WS-PROV-POT-REINSTATE-01,Reinstate local surface,SI-PROV-POT,DM-PROV-POT,CC-REINSTATE,10,Conditional,
WS-PROV-POT-QA-01,Capture QA records and as-builts,SI-PROV-POT,DM-PROV-POT,CC-QA,10,Yes,
WS-PROV-POT-QA-02,Final inspection and closeout,SI-PROV-POT,DM-PROV-POT,CC-QA,20,Yes,
WS-PROV-SLOT-PRESTART-01,Review drawings and records,SI-PROV-SLOT,DM-PROV-SLOT,CC-PRESTART,10,Yes,
WS-PROV-SLOT-PRESTART-02,Confirm site constraints and controls,SI-PROV-SLOT,DM-PROV-SLOT,CC-PRESTART,20,Yes,
WS-PROV-SLOT-PRESTART-03,Set out work location,SI-PROV-SLOT,DM-PROV-SLOT,CC-PRESTART,30,Yes,
WS-PROV-SLOT-LOCATE-01,Mark out known and suspected services,SI-PROV-SLOT,DM-PROV-SLOT,CC-LOCATE,10,Yes,
WS-PROV-SLOT-LOCATE-02,Correlate locator information,SI-PROV-SLOT,DM-PROV-SLOT,CC-LOCATE,20,Yes,
WS-PROV-SLOT-BREAKOUT-01,Break out existing surface,SI-PROV-SLOT,DM-PROV-SLOT,CC-BREAKOUT,10,Conditional,
WS-PROV-SLOT-BREAKOUT-02,Remove breakout material,SI-PROV-SLOT,DM-PROV-SLOT,CC-BREAKOUT,20,Conditional,
WS-PROV-SLOT-PROVE-01,Undertake proving / potholing / NDD,SI-PROV-SLOT,DM-PROV-SLOT,CC-PROVE,10,Yes,
WS-PROV-SLOT-PROVE-02,Confirm asset location and depth,SI-PROV-SLOT,DM-PROV-SLOT,CC-PROVE,20,Yes,
WS-PROV-SLOT-PROTECT-01,Protect exposed assets,SI-PROV-SLOT,DM-PROV-SLOT,CC-PROTECT,10,Conditional,
WS-PROV-SLOT-PROTECT-02,Support or barrier exposed assets,SI-PROV-SLOT,DM-PROV-SLOT,CC-PROTECT,20,Conditional,
WS-PROV-SLOT-SPOIL-01,Classify spoil,SI-PROV-SLOT,DM-PROV-SLOT,CC-SPOIL,10,Yes,
WS-PROV-SLOT-SPOIL-02,Stockpile / haul / dispose spoil,SI-PROV-SLOT,DM-PROV-SLOT,CC-SPOIL,20,Yes,
WS-PROV-SLOT-MAKESAFE-01,Make temporary safe,SI-PROV-SLOT,DM-PROV-SLOT,CC-MAKESAFE,10,Conditional,
WS-PROV-SLOT-REINSTATE-01,Reinstate local surface,SI-PROV-SLOT,DM-PROV-SLOT,CC-REINSTATE,10,Conditional,
WS-PROV-SLOT-QA-01,Capture QA records and as-builts,SI-PROV-SLOT,DM-PROV-SLOT,CC-QA,10,Yes,
WS-PROV-SLOT-QA-02,Final inspection and closeout,SI-PROV-SLOT,DM-PROV-SLOT,CC-QA,20,Yes,
WS-PROV-BREXP-PRESTART-01,Review drawings and records,SI-PROV-BREXP,DM-PROV-BREXP,CC-PRESTART,10,Yes,
WS-PROV-BREXP-PRESTART-02,Confirm site constraints and controls,SI-PROV-BREXP,DM-PROV-BREXP,CC-PRESTART,20,Yes,
WS-PROV-BREXP-PRESTART-03,Set out work location,SI-PROV-BREXP,DM-PROV-BREXP,CC-PRESTART,30,Yes,
WS-PROV-BREXP-LOCATE-01,Mark out known and suspected services,SI-PROV-BREXP,DM-PROV-BREXP,CC-LOCATE,10,Yes,
WS-PROV-BREXP-LOCATE-02,Correlate locator information,SI-PROV-BREXP,DM-PROV-BREXP,CC-LOCATE,20,Yes,
WS-PROV-BREXP-BREAKOUT-01,Break out existing surface,SI-PROV-BREXP,DM-PROV-BREXP,CC-BREAKOUT,10,Conditional,
WS-PROV-BREXP-BREAKOUT-02,Remove breakout material,SI-PROV-BREXP,DM-PROV-BREXP,CC-BREAKOUT,20,Conditional,
WS-PROV-BREXP-PROVE-01,Undertake proving / potholing / NDD,SI-PROV-BREXP,DM-PROV-BREXP,CC-PROVE,10,Yes,
WS-PROV-BREXP-PROVE-02,Confirm asset location and depth,SI-PROV-BREXP,DM-PROV-BREXP,CC-PROVE,20,Yes,
WS-PROV-BREXP-PROTECT-01,Protect exposed assets,SI-PROV-BREXP,DM-PROV-BREXP,CC-PROTECT,10,Conditional,
WS-PROV-BREXP-PROTECT-02,Support or barrier exposed assets,SI-PROV-BREXP,DM-PROV-BREXP,CC-PROTECT,20,Conditional,
WS-PROV-BREXP-SPOIL-01,Classify spoil,SI-PROV-BREXP,DM-PROV-BREXP,CC-SPOIL,10,Yes,
WS-PROV-BREXP-SPOIL-02,Stockpile / haul / dispose spoil,SI-PROV-BREXP,DM-PROV-BREXP,CC-SPOIL,20,Yes,
WS-PROV-BREXP-MAKESAFE-01,Make temporary safe,SI-PROV-BREXP,DM-PROV-BREXP,CC-MAKESAFE,10,Conditional,
WS-PROV-BREXP-REINSTATE-01,Reinstate local surface,SI-PROV-BREXP,DM-PROV-BREXP,CC-REINSTATE,10,Conditional,
WS-PROV-BREXP-QA-01,Capture QA records and as-builts,SI-PROV-BREXP,DM-PROV-BREXP,CC-QA,10,Yes,
WS-PROV-BREXP-QA-02,Final inspection and closeout,SI-PROV-BREXP,DM-PROV-BREXP,CC-QA,20,Yes,
WS-PROV-PITINV-PRESTART-01,Review drawings and records,SI-PROV-PITINV,DM-PROV-PITINV,CC-PRESTART,10,Yes,
WS-PROV-PITINV-PRESTART-02,Confirm site constraints and controls,SI-PROV-PITINV,DM-PROV-PITINV,CC-PRESTART,20,Yes,
WS-PROV-PITINV-PRESTART-03,Set out work location,SI-PROV-PITINV,DM-PROV-PITINV,CC-PRESTART,30,Yes,
WS-PROV-PITINV-LOCATE-01,Mark out known and suspected services,SI-PROV-PITINV,DM-PROV-PITINV,CC-LOCATE,10,Yes,
WS-PROV-PITINV-LOCATE-02,Correlate locator information,SI-PROV-PITINV,DM-PROV-PITINV,CC-LOCATE,20,Yes,
WS-PROV-PITINV-BREAKOUT-01,Break out existing surface,SI-PROV-PITINV,DM-PROV-PITINV,CC-BREAKOUT,10,Conditional,
WS-PROV-PITINV-BREAKOUT-02,Remove breakout material,SI-PROV-PITINV,DM-PROV-PITINV,CC-BREAKOUT,20,Conditional,
WS-PROV-PITINV-PROVE-01,Undertake proving / potholing / NDD,SI-PROV-PITINV,DM-PROV-PITINV,CC-PROVE,10,Yes,
WS-PROV-PITINV-PROVE-02,Confirm asset location and depth,SI-PROV-PITINV,DM-PROV-PITINV,CC-PROVE,20,Yes,
WS-PROV-PITINV-PROTECT-01,Protect exposed assets,SI-PROV-PITINV,DM-PROV-PITINV,CC-PROTECT,10,Conditional,
WS-PROV-PITINV-PROTECT-02,Support or barrier exposed assets,SI-PROV-PITINV,DM-PROV-PITINV,CC-PROTECT,20,Conditional,
WS-PROV-PITINV-SPOIL-01,Classify spoil,SI-PROV-PITINV,DM-PROV-PITINV,CC-SPOIL,10,Yes,
WS-PROV-PITINV-SPOIL-02,Stockpile / haul / dispose spoil,SI-PROV-PITINV,DM-PROV-PITINV,CC-SPOIL,20,Yes,
WS-PROV-PITINV-MAKESAFE-01,Make temporary safe,SI-PROV-PITINV,DM-PROV-PITINV,CC-MAKESAFE,10,Conditional,
WS-PROV-PITINV-REINSTATE-01,Reinstate local surface,SI-PROV-PITINV,DM-PROV-PITINV,CC-REINSTATE,10,Conditional,
WS-PROV-PITINV-QA-01,Capture QA records and as-builts,SI-PROV-PITINV,DM-PROV-PITINV,CC-QA,10,Yes,
WS-PROV-PITINV-QA-02,Final inspection and closeout,SI-PROV-PITINV,DM-PROV-PITINV,CC-QA,20,Yes,
WS-FOUND-SHELTER-PRESTART-01,Review drawings and records,SI-FOUND-SHELTER,DM-FOUND-SHELTER-STD,CC-PRESTART,10,Yes,
WS-FOUND-SHELTER-PRESTART-02,Confirm site constraints and controls,SI-FOUND-SHELTER,DM-FOUND-SHELTER-STD,CC-PRESTART,20,Yes,
WS-FOUND-SHELTER-PRESTART-03,Set out work location,SI-FOUND-SHELTER,DM-FOUND-SHELTER-STD,CC-PRESTART,30,Yes,
WS-FOUND-SHELTER-LOCATE-01,Mark out known and suspected services,SI-FOUND-SHELTER,DM-FOUND-SHELTER-STD,CC-LOCATE,10,Conditional,
WS-FOUND-SHELTER-LOCATE-02,Correlate locator information,SI-FOUND-SHELTER,DM-FOUND-SHELTER-STD,CC-LOCATE,20,Conditional,
WS-FOUND-SHELTER-PROVE-01,Undertake proving / potholing / NDD,SI-FOUND-SHELTER,DM-FOUND-SHELTER-STD,CC-PROVE,10,Conditional,
WS-FOUND-SHELTER-PROVE-02,Confirm asset location and depth,SI-FOUND-SHELTER,DM-FOUND-SHELTER-STD,CC-PROVE,20,Conditional,
WS-FOUND-SHELTER-INSTALL-01,Install main item,SI-FOUND-SHELTER,DM-FOUND-SHELTER-STD,CC-INSTALL,10,Yes,
WS-FOUND-SHELTER-REINF-01,Install reinforcement / mesh / cast-ins,SI-FOUND-SHELTER,DM-FOUND-SHELTER-STD,CC-REINF,10,Conditional,
WS-FOUND-SHELTER-CONC-01,Pour and finish concrete,SI-FOUND-SHELTER,DM-FOUND-SHELTER-STD,CC-CONC,10,Yes,
WS-FOUND-SHELTER-TIEIN-01,Form tie-ins / penetrations / edges,SI-FOUND-SHELTER,DM-FOUND-SHELTER-STD,CC-TIEIN,10,Conditional,
WS-FOUND-SHELTER-BFILL-01,Backfill in lifts,SI-FOUND-SHELTER,DM-FOUND-SHELTER-STD,CC-BFILL,10,Conditional,
WS-FOUND-SHELTER-BFILL-02,Compact backfill / placed material,SI-FOUND-SHELTER,DM-FOUND-SHELTER-STD,CC-BFILL,20,Conditional,
WS-FOUND-SHELTER-REINSTATE-01,Reinstate local surface,SI-FOUND-SHELTER,DM-FOUND-SHELTER-STD,CC-REINSTATE,10,Yes,
WS-FOUND-SHELTER-QA-01,Capture QA records and as-builts,SI-FOUND-SHELTER,DM-FOUND-SHELTER-STD,CC-QA,10,Yes,
WS-FOUND-SHELTER-QA-02,Final inspection and closeout,SI-FOUND-SHELTER,DM-FOUND-SHELTER-STD,CC-QA,20,Yes,
WS-FOUND-SOLAR-PRESTART-01,Review drawings and records,SI-FOUND-SOLAR,DM-FOUND-SOLAR-STD,CC-PRESTART,10,Yes,
WS-FOUND-SOLAR-PRESTART-02,Confirm site constraints and controls,SI-FOUND-SOLAR,DM-FOUND-SOLAR-STD,CC-PRESTART,20,Yes,
WS-FOUND-SOLAR-PRESTART-03,Set out work location,SI-FOUND-SOLAR,DM-FOUND-SOLAR-STD,CC-PRESTART,30,Yes,
WS-FOUND-SOLAR-LOCATE-01,Mark out known and suspected services,SI-FOUND-SOLAR,DM-FOUND-SOLAR-STD,CC-LOCATE,10,Conditional,
WS-FOUND-SOLAR-LOCATE-02,Correlate locator information,SI-FOUND-SOLAR,DM-FOUND-SOLAR-STD,CC-LOCATE,20,Conditional,
WS-FOUND-SOLAR-PROVE-01,Undertake proving / potholing / NDD,SI-FOUND-SOLAR,DM-FOUND-SOLAR-STD,CC-PROVE,10,Conditional,
WS-FOUND-SOLAR-PROVE-02,Confirm asset location and depth,SI-FOUND-SOLAR,DM-FOUND-SOLAR-STD,CC-PROVE,20,Conditional,
WS-FOUND-SOLAR-INSTALL-01,Install main item,SI-FOUND-SOLAR,DM-FOUND-SOLAR-STD,CC-INSTALL,10,Yes,
WS-FOUND-SOLAR-REINF-01,Install reinforcement / mesh / cast-ins,SI-FOUND-SOLAR,DM-FOUND-SOLAR-STD,CC-REINF,10,Conditional,
WS-FOUND-SOLAR-CONC-01,Pour and finish concrete,SI-FOUND-SOLAR,DM-FOUND-SOLAR-STD,CC-CONC,10,Yes,
WS-FOUND-SOLAR-TIEIN-01,Form tie-ins / penetrations / edges,SI-FOUND-SOLAR,DM-FOUND-SOLAR-STD,CC-TIEIN,10,Conditional,
WS-FOUND-SOLAR-BFILL-01,Backfill in lifts,SI-FOUND-SOLAR,DM-FOUND-SOLAR-STD,CC-BFILL,10,Conditional,
WS-FOUND-SOLAR-BFILL-02,Compact backfill / placed material,SI-FOUND-SOLAR,DM-FOUND-SOLAR-STD,CC-BFILL,20,Conditional,
WS-FOUND-SOLAR-REINSTATE-01,Reinstate local surface,SI-FOUND-SOLAR,DM-FOUND-SOLAR-STD,CC-REINSTATE,10,Yes,
WS-FOUND-SOLAR-QA-01,Capture QA records and as-builts,SI-FOUND-SOLAR,DM-FOUND-SOLAR-STD,CC-QA,10,Yes,
WS-FOUND-SOLAR-QA-02,Final inspection and closeout,SI-FOUND-SOLAR,DM-FOUND-SOLAR-STD,CC-QA,20,Yes,
WS-FOUND-FENCE-PRESTART-01,Review drawings and records,SI-FOUND-FENCE,DM-FOUND-FENCE-STD,CC-PRESTART,10,Yes,
WS-FOUND-FENCE-PRESTART-02,Confirm site constraints and controls,SI-FOUND-FENCE,DM-FOUND-FENCE-STD,CC-PRESTART,20,Yes,
WS-FOUND-FENCE-PRESTART-03,Set out work location,SI-FOUND-FENCE,DM-FOUND-FENCE-STD,CC-PRESTART,30,Yes,
WS-FOUND-FENCE-LOCATE-01,Mark out known and suspected services,SI-FOUND-FENCE,DM-FOUND-FENCE-STD,CC-LOCATE,10,Conditional,
WS-FOUND-FENCE-LOCATE-02,Correlate locator information,SI-FOUND-FENCE,DM-FOUND-FENCE-STD,CC-LOCATE,20,Conditional,
WS-FOUND-FENCE-PROVE-01,Undertake proving / potholing / NDD,SI-FOUND-FENCE,DM-FOUND-FENCE-STD,CC-PROVE,10,Conditional,
WS-FOUND-FENCE-PROVE-02,Confirm asset location and depth,SI-FOUND-FENCE,DM-FOUND-FENCE-STD,CC-PROVE,20,Conditional,
WS-FOUND-FENCE-INSTALL-01,Install main item,SI-FOUND-FENCE,DM-FOUND-FENCE-STD,CC-INSTALL,10,Yes,
WS-FOUND-FENCE-REINF-01,Install reinforcement / mesh / cast-ins,SI-FOUND-FENCE,DM-FOUND-FENCE-STD,CC-REINF,10,Conditional,
WS-FOUND-FENCE-CONC-01,Pour and finish concrete,SI-FOUND-FENCE,DM-FOUND-FENCE-STD,CC-CONC,10,Yes,
WS-FOUND-FENCE-TIEIN-01,Form tie-ins / penetrations / edges,SI-FOUND-FENCE,DM-FOUND-FENCE-STD,CC-TIEIN,10,Conditional,
WS-FOUND-FENCE-BFILL-01,Backfill in lifts,SI-FOUND-FENCE,DM-FOUND-FENCE-STD,CC-BFILL,10,Conditional,
WS-FOUND-FENCE-BFILL-02,Compact backfill / placed material,SI-FOUND-FENCE,DM-FOUND-FENCE-STD,CC-BFILL,20,Conditional,
WS-FOUND-FENCE-REINSTATE-01,Reinstate local surface,SI-FOUND-FENCE,DM-FOUND-FENCE-STD,CC-REINSTATE,10,Yes,
WS-FOUND-FENCE-QA-01,Capture QA records and as-builts,SI-FOUND-FENCE,DM-FOUND-FENCE-STD,CC-QA,10,Yes,
WS-FOUND-FENCE-QA-02,Final inspection and closeout,SI-FOUND-FENCE,DM-FOUND-FENCE-STD,CC-QA,20,Yes,
WS-FOUND-GEN-PRESTART-01,Review drawings and records,SI-FOUND-GEN,DM-FOUND-GEN-STD,CC-PRESTART,10,Yes,
WS-FOUND-GEN-PRESTART-02,Confirm site constraints and controls,SI-FOUND-GEN,DM-FOUND-GEN-STD,CC-PRESTART,20,Yes,
WS-FOUND-GEN-PRESTART-03,Set out work location,SI-FOUND-GEN,DM-FOUND-GEN-STD,CC-PRESTART,30,Yes,
WS-FOUND-GEN-LOCATE-01,Mark out known and suspected services,SI-FOUND-GEN,DM-FOUND-GEN-STD,CC-LOCATE,10,Conditional,
WS-FOUND-GEN-LOCATE-02,Correlate locator information,SI-FOUND-GEN,DM-FOUND-GEN-STD,CC-LOCATE,20,Conditional,
WS-FOUND-GEN-PROVE-01,Undertake proving / potholing / NDD,SI-FOUND-GEN,DM-FOUND-GEN-STD,CC-PROVE,10,Conditional,
WS-FOUND-GEN-PROVE-02,Confirm asset location and depth,SI-FOUND-GEN,DM-FOUND-GEN-STD,CC-PROVE,20,Conditional,
WS-FOUND-GEN-INSTALL-01,Install main item,SI-FOUND-GEN,DM-FOUND-GEN-STD,CC-INSTALL,10,Yes,
WS-FOUND-GEN-REINF-01,Install reinforcement / mesh / cast-ins,SI-FOUND-GEN,DM-FOUND-GEN-STD,CC-REINF,10,Conditional,
WS-FOUND-GEN-CONC-01,Pour and finish concrete,SI-FOUND-GEN,DM-FOUND-GEN-STD,CC-CONC,10,Yes,
WS-FOUND-GEN-TIEIN-01,Form tie-ins / penetrations / edges,SI-FOUND-GEN,DM-FOUND-GEN-STD,CC-TIEIN,10,Conditional,
WS-FOUND-GEN-BFILL-01,Backfill in lifts,SI-FOUND-GEN,DM-FOUND-GEN-STD,CC-BFILL,10,Conditional,
WS-FOUND-GEN-BFILL-02,Compact backfill / placed material,SI-FOUND-GEN,DM-FOUND-GEN-STD,CC-BFILL,20,Conditional,
WS-FOUND-GEN-REINSTATE-01,Reinstate local surface,SI-FOUND-GEN,DM-FOUND-GEN-STD,CC-REINSTATE,10,Yes,
WS-FOUND-GEN-QA-01,Capture QA records and as-builts,SI-FOUND-GEN,DM-FOUND-GEN-STD,CC-QA,10,Yes,
WS-FOUND-GEN-QA-02,Final inspection and closeout,SI-FOUND-GEN,DM-FOUND-GEN-STD,CC-QA,20,Yes,
WS-FOUND-SLABPIER-PRESTART-01,Review drawings and records,SI-FOUND-SLABPIER,DM-FOUND-SLABPIER-STD,CC-PRESTART,10,Yes,
WS-FOUND-SLABPIER-PRESTART-02,Confirm site constraints and controls,SI-FOUND-SLABPIER,DM-FOUND-SLABPIER-STD,CC-PRESTART,20,Yes,
WS-FOUND-SLABPIER-PRESTART-03,Set out work location,SI-FOUND-SLABPIER,DM-FOUND-SLABPIER-STD,CC-PRESTART,30,Yes,
WS-FOUND-SLABPIER-LOCATE-01,Mark out known and suspected services,SI-FOUND-SLABPIER,DM-FOUND-SLABPIER-STD,CC-LOCATE,10,Conditional,
WS-FOUND-SLABPIER-LOCATE-02,Correlate locator information,SI-FOUND-SLABPIER,DM-FOUND-SLABPIER-STD,CC-LOCATE,20,Conditional,
WS-FOUND-SLABPIER-PROVE-01,Undertake proving / potholing / NDD,SI-FOUND-SLABPIER,DM-FOUND-SLABPIER-STD,CC-PROVE,10,Conditional,
WS-FOUND-SLABPIER-PROVE-02,Confirm asset location and depth,SI-FOUND-SLABPIER,DM-FOUND-SLABPIER-STD,CC-PROVE,20,Conditional,
WS-FOUND-SLABPIER-INSTALL-01,Install main item,SI-FOUND-SLABPIER,DM-FOUND-SLABPIER-STD,CC-INSTALL,10,Yes,
WS-FOUND-SLABPIER-REINF-01,Install reinforcement / mesh / cast-ins,SI-FOUND-SLABPIER,DM-FOUND-SLABPIER-STD,CC-REINF,10,Conditional,
WS-FOUND-SLABPIER-CONC-01,Pour and finish concrete,SI-FOUND-SLABPIER,DM-FOUND-SLABPIER-STD,CC-CONC,10,Yes,
WS-FOUND-SLABPIER-TIEIN-01,Form tie-ins / penetrations / edges,SI-FOUND-SLABPIER,DM-FOUND-SLABPIER-STD,CC-TIEIN,10,Conditional,
WS-FOUND-SLABPIER-BFILL-01,Backfill in lifts,SI-FOUND-SLABPIER,DM-FOUND-SLABPIER-STD,CC-BFILL,10,Conditional,
WS-FOUND-SLABPIER-BFILL-02,Compact backfill / placed material,SI-FOUND-SLABPIER,DM-FOUND-SLABPIER-STD,CC-BFILL,20,Conditional,
WS-FOUND-SLABPIER-REINSTATE-01,Reinstate local surface,SI-FOUND-SLABPIER,DM-FOUND-SLABPIER-STD,CC-REINSTATE,10,Yes,
WS-FOUND-SLABPIER-QA-01,Capture QA records and as-builts,SI-FOUND-SLABPIER,DM-FOUND-SLABPIER-STD,CC-QA,10,Yes,
WS-FOUND-SLABPIER-QA-02,Final inspection and closeout,SI-FOUND-SLABPIER,DM-FOUND-SLABPIER-STD,CC-QA,20,Yes,
WS-SLAB-GEN-PRESTART-01,Review drawings and records,SI-SLAB-GEN,DM-SLAB-GEN-STD,CC-PRESTART,10,Yes,
WS-SLAB-GEN-PRESTART-02,Confirm site constraints and controls,SI-SLAB-GEN,DM-SLAB-GEN-STD,CC-PRESTART,20,Yes,
WS-SLAB-GEN-PRESTART-03,Set out work location,SI-SLAB-GEN,DM-SLAB-GEN-STD,CC-PRESTART,30,Yes,
WS-SLAB-GEN-BREAKOUT-01,Break out existing surface,SI-SLAB-GEN,DM-SLAB-GEN-STD,CC-BREAKOUT,10,Conditional,
WS-SLAB-GEN-BREAKOUT-02,Remove breakout material,SI-SLAB-GEN,DM-SLAB-GEN-STD,CC-BREAKOUT,20,Conditional,
WS-SLAB-GEN-LOCATE-01,Mark out known and suspected services,SI-SLAB-GEN,DM-SLAB-GEN-STD,CC-LOCATE,10,Conditional,
WS-SLAB-GEN-LOCATE-02,Correlate locator information,SI-SLAB-GEN,DM-SLAB-GEN-STD,CC-LOCATE,20,Conditional,
WS-SLAB-GEN-PROVE-01,Undertake proving / potholing / NDD,SI-SLAB-GEN,DM-SLAB-GEN-STD,CC-PROVE,10,Conditional,
WS-SLAB-GEN-PROVE-02,Confirm asset location and depth,SI-SLAB-GEN,DM-SLAB-GEN-STD,CC-PROVE,20,Conditional,
WS-SLAB-GEN-EXC-01,Excavate work area,SI-SLAB-GEN,DM-SLAB-GEN-STD,CC-EXC,10,Yes,
WS-SLAB-GEN-EXC-02,Trim formation / sidewalls / base,SI-SLAB-GEN,DM-SLAB-GEN-STD,CC-EXC,20,Yes,
WS-SLAB-GEN-SPOIL-01,Classify spoil,SI-SLAB-GEN,DM-SLAB-GEN-STD,CC-SPOIL,10,Yes,
WS-SLAB-GEN-SPOIL-02,Stockpile / haul / dispose spoil,SI-SLAB-GEN,DM-SLAB-GEN-STD,CC-SPOIL,20,Yes,
WS-SLAB-GEN-CAP-01,Install separator / geotextile,SI-SLAB-GEN,DM-SLAB-GEN-STD,CC-CAP,10,Conditional,
WS-SLAB-GEN-CAP-02,Place capping layer,SI-SLAB-GEN,DM-SLAB-GEN-STD,CC-CAP,20,Conditional,
WS-SLAB-GEN-SUBBASE-01,Place and compact subbase,SI-SLAB-GEN,DM-SLAB-GEN-STD,CC-SUBBASE,10,Yes,
WS-SLAB-GEN-REINF-01,Install reinforcement / mesh / cast-ins,SI-SLAB-GEN,DM-SLAB-GEN-STD,CC-REINF,10,Conditional,
WS-SLAB-GEN-CONC-01,Pour and finish concrete,SI-SLAB-GEN,DM-SLAB-GEN-STD,CC-CONC,10,Yes,
WS-SLAB-GEN-TIEIN-01,Form tie-ins / penetrations / edges,SI-SLAB-GEN,DM-SLAB-GEN-STD,CC-TIEIN,10,Conditional,
WS-SLAB-GEN-BFILL-01,Backfill in lifts,SI-SLAB-GEN,DM-SLAB-GEN-STD,CC-BFILL,10,Conditional,
WS-SLAB-GEN-BFILL-02,Compact backfill / placed material,SI-SLAB-GEN,DM-SLAB-GEN-STD,CC-BFILL,20,Conditional,
WS-SLAB-GEN-REINSTATE-01,Reinstate local surface,SI-SLAB-GEN,DM-SLAB-GEN-STD,CC-REINSTATE,10,Yes,
WS-SLAB-GEN-QA-01,Capture QA records and as-builts,SI-SLAB-GEN,DM-SLAB-GEN-STD,CC-QA,10,Yes,
WS-SLAB-GEN-QA-02,Final inspection and closeout,SI-SLAB-GEN,DM-SLAB-GEN-STD,CC-QA,20,Yes,
WS-SLAB-PLINTH-PRESTART-01,Review drawings and records,SI-SLAB-PLINTH,DM-SLAB-PLINTH-STD,CC-PRESTART,10,Yes,
WS-SLAB-PLINTH-PRESTART-02,Confirm site constraints and controls,SI-SLAB-PLINTH,DM-SLAB-PLINTH-STD,CC-PRESTART,20,Yes,
WS-SLAB-PLINTH-PRESTART-03,Set out work location,SI-SLAB-PLINTH,DM-SLAB-PLINTH-STD,CC-PRESTART,30,Yes,
WS-SLAB-PLINTH-BREAKOUT-01,Break out existing surface,SI-SLAB-PLINTH,DM-SLAB-PLINTH-STD,CC-BREAKOUT,10,Conditional,
WS-SLAB-PLINTH-BREAKOUT-02,Remove breakout material,SI-SLAB-PLINTH,DM-SLAB-PLINTH-STD,CC-BREAKOUT,20,Conditional,
WS-SLAB-PLINTH-LOCATE-01,Mark out known and suspected services,SI-SLAB-PLINTH,DM-SLAB-PLINTH-STD,CC-LOCATE,10,Conditional,
WS-SLAB-PLINTH-LOCATE-02,Correlate locator information,SI-SLAB-PLINTH,DM-SLAB-PLINTH-STD,CC-LOCATE,20,Conditional,
WS-SLAB-PLINTH-PROVE-01,Undertake proving / potholing / NDD,SI-SLAB-PLINTH,DM-SLAB-PLINTH-STD,CC-PROVE,10,Conditional,
WS-SLAB-PLINTH-PROVE-02,Confirm asset location and depth,SI-SLAB-PLINTH,DM-SLAB-PLINTH-STD,CC-PROVE,20,Conditional,
WS-SLAB-PLINTH-EXC-01,Excavate work area,SI-SLAB-PLINTH,DM-SLAB-PLINTH-STD,CC-EXC,10,Yes,
WS-SLAB-PLINTH-EXC-02,Trim formation / sidewalls / base,SI-SLAB-PLINTH,DM-SLAB-PLINTH-STD,CC-EXC,20,Yes,
WS-SLAB-PLINTH-SPOIL-01,Classify spoil,SI-SLAB-PLINTH,DM-SLAB-PLINTH-STD,CC-SPOIL,10,Yes,
WS-SLAB-PLINTH-SPOIL-02,Stockpile / haul / dispose spoil,SI-SLAB-PLINTH,DM-SLAB-PLINTH-STD,CC-SPOIL,20,Yes,
WS-SLAB-PLINTH-CAP-01,Install separator / geotextile,SI-SLAB-PLINTH,DM-SLAB-PLINTH-STD,CC-CAP,10,Conditional,
WS-SLAB-PLINTH-CAP-02,Place capping layer,SI-SLAB-PLINTH,DM-SLAB-PLINTH-STD,CC-CAP,20,Conditional,
WS-SLAB-PLINTH-SUBBASE-01,Place and compact subbase,SI-SLAB-PLINTH,DM-SLAB-PLINTH-STD,CC-SUBBASE,10,Yes,
WS-SLAB-PLINTH-REINF-01,Install reinforcement / mesh / cast-ins,SI-SLAB-PLINTH,DM-SLAB-PLINTH-STD,CC-REINF,10,Conditional,
WS-SLAB-PLINTH-CONC-01,Pour and finish concrete,SI-SLAB-PLINTH,DM-SLAB-PLINTH-STD,CC-CONC,10,Yes,
WS-SLAB-PLINTH-TIEIN-01,Form tie-ins / penetrations / edges,SI-SLAB-PLINTH,DM-SLAB-PLINTH-STD,CC-TIEIN,10,Conditional,
WS-SLAB-PLINTH-BFILL-01,Backfill in lifts,SI-SLAB-PLINTH,DM-SLAB-PLINTH-STD,CC-BFILL,10,Conditional,
WS-SLAB-PLINTH-BFILL-02,Compact backfill / placed material,SI-SLAB-PLINTH,DM-SLAB-PLINTH-STD,CC-BFILL,20,Conditional,
WS-SLAB-PLINTH-REINSTATE-01,Reinstate local surface,SI-SLAB-PLINTH,DM-SLAB-PLINTH-STD,CC-REINSTATE,10,Yes,
WS-SLAB-PLINTH-QA-01,Capture QA records and as-builts,SI-SLAB-PLINTH,DM-SLAB-PLINTH-STD,CC-QA,10,Yes,
WS-SLAB-PLINTH-QA-02,Final inspection and closeout,SI-SLAB-PLINTH,DM-SLAB-PLINTH-STD,CC-QA,20,Yes,
WS-SLAB-STEP-PRESTART-01,Review drawings and records,SI-SLAB-STEP,DM-SLAB-STEP-STD,CC-PRESTART,10,Yes,
WS-SLAB-STEP-PRESTART-02,Confirm site constraints and controls,SI-SLAB-STEP,DM-SLAB-STEP-STD,CC-PRESTART,20,Yes,
WS-SLAB-STEP-PRESTART-03,Set out work location,SI-SLAB-STEP,DM-SLAB-STEP-STD,CC-PRESTART,30,Yes,
WS-SLAB-STEP-BREAKOUT-01,Break out existing surface,SI-SLAB-STEP,DM-SLAB-STEP-STD,CC-BREAKOUT,10,Conditional,
WS-SLAB-STEP-BREAKOUT-02,Remove breakout material,SI-SLAB-STEP,DM-SLAB-STEP-STD,CC-BREAKOUT,20,Conditional,
WS-SLAB-STEP-LOCATE-01,Mark out known and suspected services,SI-SLAB-STEP,DM-SLAB-STEP-STD,CC-LOCATE,10,Conditional,
WS-SLAB-STEP-LOCATE-02,Correlate locator information,SI-SLAB-STEP,DM-SLAB-STEP-STD,CC-LOCATE,20,Conditional,
WS-SLAB-STEP-PROVE-01,Undertake proving / potholing / NDD,SI-SLAB-STEP,DM-SLAB-STEP-STD,CC-PROVE,10,Conditional,
WS-SLAB-STEP-PROVE-02,Confirm asset location and depth,SI-SLAB-STEP,DM-SLAB-STEP-STD,CC-PROVE,20,Conditional,
WS-SLAB-STEP-EXC-01,Excavate work area,SI-SLAB-STEP,DM-SLAB-STEP-STD,CC-EXC,10,Yes,
WS-SLAB-STEP-EXC-02,Trim formation / sidewalls / base,SI-SLAB-STEP,DM-SLAB-STEP-STD,CC-EXC,20,Yes,
WS-SLAB-STEP-SPOIL-01,Classify spoil,SI-SLAB-STEP,DM-SLAB-STEP-STD,CC-SPOIL,10,Yes,
WS-SLAB-STEP-SPOIL-02,Stockpile / haul / dispose spoil,SI-SLAB-STEP,DM-SLAB-STEP-STD,CC-SPOIL,20,Yes,
WS-SLAB-STEP-CAP-01,Install separator / geotextile,SI-SLAB-STEP,DM-SLAB-STEP-STD,CC-CAP,10,Conditional,
WS-SLAB-STEP-CAP-02,Place capping layer,SI-SLAB-STEP,DM-SLAB-STEP-STD,CC-CAP,20,Conditional,
WS-SLAB-STEP-SUBBASE-01,Place and compact subbase,SI-SLAB-STEP,DM-SLAB-STEP-STD,CC-SUBBASE,10,Yes,
WS-SLAB-STEP-REINF-01,Install reinforcement / mesh / cast-ins,SI-SLAB-STEP,DM-SLAB-STEP-STD,CC-REINF,10,Conditional,
WS-SLAB-STEP-CONC-01,Pour and finish concrete,SI-SLAB-STEP,DM-SLAB-STEP-STD,CC-CONC,10,Yes,
WS-SLAB-STEP-TIEIN-01,Form tie-ins / penetrations / edges,SI-SLAB-STEP,DM-SLAB-STEP-STD,CC-TIEIN,10,Conditional,
WS-SLAB-STEP-BFILL-01,Backfill in lifts,SI-SLAB-STEP,DM-SLAB-STEP-STD,CC-BFILL,10,Conditional,
WS-SLAB-STEP-BFILL-02,Compact backfill / placed material,SI-SLAB-STEP,DM-SLAB-STEP-STD,CC-BFILL,20,Conditional,
WS-SLAB-STEP-REINSTATE-01,Reinstate local surface,SI-SLAB-STEP,DM-SLAB-STEP-STD,CC-REINSTATE,10,Yes,
WS-SLAB-STEP-QA-01,Capture QA records and as-builts,SI-SLAB-STEP,DM-SLAB-STEP-STD,CC-QA,10,Yes,
WS-SLAB-STEP-QA-02,Final inspection and closeout,SI-SLAB-STEP,DM-SLAB-STEP-STD,CC-QA,20,Yes,
WS-SLAB-EDGE-PRESTART-01,Review drawings and records,SI-SLAB-EDGE,DM-SLAB-EDGE-STD,CC-PRESTART,10,Yes,
WS-SLAB-EDGE-PRESTART-02,Confirm site constraints and controls,SI-SLAB-EDGE,DM-SLAB-EDGE-STD,CC-PRESTART,20,Yes,
WS-SLAB-EDGE-PRESTART-03,Set out work location,SI-SLAB-EDGE,DM-SLAB-EDGE-STD,CC-PRESTART,30,Yes,
WS-SLAB-EDGE-BREAKOUT-01,Break out existing surface,SI-SLAB-EDGE,DM-SLAB-EDGE-STD,CC-BREAKOUT,10,Conditional,
WS-SLAB-EDGE-BREAKOUT-02,Remove breakout material,SI-SLAB-EDGE,DM-SLAB-EDGE-STD,CC-BREAKOUT,20,Conditional,
WS-SLAB-EDGE-LOCATE-01,Mark out known and suspected services,SI-SLAB-EDGE,DM-SLAB-EDGE-STD,CC-LOCATE,10,Conditional,
WS-SLAB-EDGE-LOCATE-02,Correlate locator information,SI-SLAB-EDGE,DM-SLAB-EDGE-STD,CC-LOCATE,20,Conditional,
WS-SLAB-EDGE-PROVE-01,Undertake proving / potholing / NDD,SI-SLAB-EDGE,DM-SLAB-EDGE-STD,CC-PROVE,10,Conditional,
WS-SLAB-EDGE-PROVE-02,Confirm asset location and depth,SI-SLAB-EDGE,DM-SLAB-EDGE-STD,CC-PROVE,20,Conditional,
WS-SLAB-EDGE-EXC-01,Excavate work area,SI-SLAB-EDGE,DM-SLAB-EDGE-STD,CC-EXC,10,Yes,
WS-SLAB-EDGE-EXC-02,Trim formation / sidewalls / base,SI-SLAB-EDGE,DM-SLAB-EDGE-STD,CC-EXC,20,Yes,
WS-SLAB-EDGE-SPOIL-01,Classify spoil,SI-SLAB-EDGE,DM-SLAB-EDGE-STD,CC-SPOIL,10,Yes,
WS-SLAB-EDGE-SPOIL-02,Stockpile / haul / dispose spoil,SI-SLAB-EDGE,DM-SLAB-EDGE-STD,CC-SPOIL,20,Yes,
WS-SLAB-EDGE-CAP-01,Install separator / geotextile,SI-SLAB-EDGE,DM-SLAB-EDGE-STD,CC-CAP,10,Conditional,
WS-SLAB-EDGE-CAP-02,Place capping layer,SI-SLAB-EDGE,DM-SLAB-EDGE-STD,CC-CAP,20,Conditional,
WS-SLAB-EDGE-SUBBASE-01,Place and compact subbase,SI-SLAB-EDGE,DM-SLAB-EDGE-STD,CC-SUBBASE,10,Yes,
WS-SLAB-EDGE-REINF-01,Install reinforcement / mesh / cast-ins,SI-SLAB-EDGE,DM-SLAB-EDGE-STD,CC-REINF,10,Conditional,
WS-SLAB-EDGE-CONC-01,Pour and finish concrete,SI-SLAB-EDGE,DM-SLAB-EDGE-STD,CC-CONC,10,Yes,
WS-SLAB-EDGE-TIEIN-01,Form tie-ins / penetrations / edges,SI-SLAB-EDGE,DM-SLAB-EDGE-STD,CC-TIEIN,10,Conditional,
WS-SLAB-EDGE-BFILL-01,Backfill in lifts,SI-SLAB-EDGE,DM-SLAB-EDGE-STD,CC-BFILL,10,Conditional,
WS-SLAB-EDGE-BFILL-02,Compact backfill / placed material,SI-SLAB-EDGE,DM-SLAB-EDGE-STD,CC-BFILL,20,Conditional,
WS-SLAB-EDGE-REINSTATE-01,Reinstate local surface,SI-SLAB-EDGE,DM-SLAB-EDGE-STD,CC-REINSTATE,10,Yes,
WS-SLAB-EDGE-QA-01,Capture QA records and as-builts,SI-SLAB-EDGE,DM-SLAB-EDGE-STD,CC-QA,10,Yes,
WS-SLAB-EDGE-QA-02,Final inspection and closeout,SI-SLAB-EDGE,DM-SLAB-EDGE-STD,CC-QA,20,Yes,
WS-EW-LOCAL-PRESTART-01,Review drawings and records,SI-EW-LOCAL,DM-EW-LOCAL,CC-PRESTART,10,Yes,
WS-EW-LOCAL-PRESTART-02,Confirm site constraints and controls,SI-EW-LOCAL,DM-EW-LOCAL,CC-PRESTART,20,Yes,
WS-EW-LOCAL-PRESTART-03,Set out work location,SI-EW-LOCAL,DM-EW-LOCAL,CC-PRESTART,30,Yes,
WS-EW-LOCAL-BREAKOUT-01,Break out existing surface,SI-EW-LOCAL,DM-EW-LOCAL,CC-BREAKOUT,10,Conditional,
WS-EW-LOCAL-BREAKOUT-02,Remove breakout material,SI-EW-LOCAL,DM-EW-LOCAL,CC-BREAKOUT,20,Conditional,
WS-EW-LOCAL-LOCATE-01,Mark out known and suspected services,SI-EW-LOCAL,DM-EW-LOCAL,CC-LOCATE,10,Conditional,
WS-EW-LOCAL-LOCATE-02,Correlate locator information,SI-EW-LOCAL,DM-EW-LOCAL,CC-LOCATE,20,Conditional,
WS-EW-LOCAL-PROVE-01,Undertake proving / potholing / NDD,SI-EW-LOCAL,DM-EW-LOCAL,CC-PROVE,10,Conditional,
WS-EW-LOCAL-PROVE-02,Confirm asset location and depth,SI-EW-LOCAL,DM-EW-LOCAL,CC-PROVE,20,Conditional,
WS-EW-LOCAL-EXC-01,Excavate work area,SI-EW-LOCAL,DM-EW-LOCAL,CC-EXC,10,Yes,
WS-EW-LOCAL-EXC-02,Trim formation / sidewalls / base,SI-EW-LOCAL,DM-EW-LOCAL,CC-EXC,20,Yes,
WS-EW-LOCAL-SPOIL-01,Classify spoil,SI-EW-LOCAL,DM-EW-LOCAL,CC-SPOIL,10,Yes,
WS-EW-LOCAL-SPOIL-02,Stockpile / haul / dispose spoil,SI-EW-LOCAL,DM-EW-LOCAL,CC-SPOIL,20,Yes,
WS-EW-LOCAL-BFILL-01,Backfill in lifts,SI-EW-LOCAL,DM-EW-LOCAL,CC-BFILL,10,Conditional,
WS-EW-LOCAL-BFILL-02,Compact backfill / placed material,SI-EW-LOCAL,DM-EW-LOCAL,CC-BFILL,20,Conditional,
WS-EW-LOCAL-REINSTATE-01,Reinstate local surface,SI-EW-LOCAL,DM-EW-LOCAL,CC-REINSTATE,10,Conditional,
WS-EW-LOCAL-QA-01,Capture QA records and as-builts,SI-EW-LOCAL,DM-EW-LOCAL,CC-QA,10,Yes,
WS-EW-LOCAL-QA-02,Final inspection and closeout,SI-EW-LOCAL,DM-EW-LOCAL,CC-QA,20,Yes,
WS-EW-BULK-PRESTART-01,Review drawings and records,SI-EW-BULK,DM-EW-BULK,CC-PRESTART,10,Yes,
WS-EW-BULK-PRESTART-02,Confirm site constraints and controls,SI-EW-BULK,DM-EW-BULK,CC-PRESTART,20,Yes,
WS-EW-BULK-PRESTART-03,Set out work location,SI-EW-BULK,DM-EW-BULK,CC-PRESTART,30,Yes,
WS-EW-BULK-BREAKOUT-01,Break out existing surface,SI-EW-BULK,DM-EW-BULK,CC-BREAKOUT,10,Conditional,
WS-EW-BULK-BREAKOUT-02,Remove breakout material,SI-EW-BULK,DM-EW-BULK,CC-BREAKOUT,20,Conditional,
WS-EW-BULK-LOCATE-01,Mark out known and suspected services,SI-EW-BULK,DM-EW-BULK,CC-LOCATE,10,Conditional,
WS-EW-BULK-LOCATE-02,Correlate locator information,SI-EW-BULK,DM-EW-BULK,CC-LOCATE,20,Conditional,
WS-EW-BULK-PROVE-01,Undertake proving / potholing / NDD,SI-EW-BULK,DM-EW-BULK,CC-PROVE,10,Conditional,
WS-EW-BULK-PROVE-02,Confirm asset location and depth,SI-EW-BULK,DM-EW-BULK,CC-PROVE,20,Conditional,
WS-EW-BULK-EXC-01,Excavate work area,SI-EW-BULK,DM-EW-BULK,CC-EXC,10,Yes,
WS-EW-BULK-EXC-02,Trim formation / sidewalls / base,SI-EW-BULK,DM-EW-BULK,CC-EXC,20,Yes,
WS-EW-BULK-SPOIL-01,Classify spoil,SI-EW-BULK,DM-EW-BULK,CC-SPOIL,10,Yes,
WS-EW-BULK-SPOIL-02,Stockpile / haul / dispose spoil,SI-EW-BULK,DM-EW-BULK,CC-SPOIL,20,Yes,
WS-EW-BULK-QA-01,Capture QA records and as-builts,SI-EW-BULK,DM-EW-BULK,CC-QA,10,Yes,
WS-EW-BULK-QA-02,Final inspection and closeout,SI-EW-BULK,DM-EW-BULK,CC-QA,20,Yes,
WS-EW-SITEFILL-PRESTART-01,Review drawings and records,SI-EW-SITEFILL,DM-EW-SITEFILL,CC-PRESTART,10,Yes,
WS-EW-SITEFILL-PRESTART-02,Confirm site constraints and controls,SI-EW-SITEFILL,DM-EW-SITEFILL,CC-PRESTART,20,Yes,
WS-EW-SITEFILL-PRESTART-03,Set out work location,SI-EW-SITEFILL,DM-EW-SITEFILL,CC-PRESTART,30,Yes,
WS-EW-SITEFILL-BREAKOUT-01,Break out existing surface,SI-EW-SITEFILL,DM-EW-SITEFILL,CC-BREAKOUT,10,Conditional,
WS-EW-SITEFILL-BREAKOUT-02,Remove breakout material,SI-EW-SITEFILL,DM-EW-SITEFILL,CC-BREAKOUT,20,Conditional,
WS-EW-SITEFILL-LOCATE-01,Mark out known and suspected services,SI-EW-SITEFILL,DM-EW-SITEFILL,CC-LOCATE,10,Conditional,
WS-EW-SITEFILL-LOCATE-02,Correlate locator information,SI-EW-SITEFILL,DM-EW-SITEFILL,CC-LOCATE,20,Conditional,
WS-EW-SITEFILL-PROVE-01,Undertake proving / potholing / NDD,SI-EW-SITEFILL,DM-EW-SITEFILL,CC-PROVE,10,Conditional,
WS-EW-SITEFILL-PROVE-02,Confirm asset location and depth,SI-EW-SITEFILL,DM-EW-SITEFILL,CC-PROVE,20,Conditional,
WS-EW-SITEFILL-CAP-01,Install separator / geotextile,SI-EW-SITEFILL,DM-EW-SITEFILL,CC-CAP,10,Conditional,
WS-EW-SITEFILL-CAP-02,Place capping layer,SI-EW-SITEFILL,DM-EW-SITEFILL,CC-CAP,20,Conditional,
WS-EW-SITEFILL-INSTALL-01,Install main item,SI-EW-SITEFILL,DM-EW-SITEFILL,CC-INSTALL,10,Yes,
WS-EW-SITEFILL-BFILL-01,Backfill in lifts,SI-EW-SITEFILL,DM-EW-SITEFILL,CC-BFILL,10,Yes,
WS-EW-SITEFILL-BFILL-02,Compact backfill / placed material,SI-EW-SITEFILL,DM-EW-SITEFILL,CC-BFILL,20,Yes,
WS-EW-SITEFILL-QA-01,Capture QA records and as-builts,SI-EW-SITEFILL,DM-EW-SITEFILL,CC-QA,10,Yes,
WS-EW-SITEFILL-QA-02,Final inspection and closeout,SI-EW-SITEFILL,DM-EW-SITEFILL,CC-QA,20,Yes,
WS-EW-IMPFILL-PRESTART-01,Review drawings and records,SI-EW-IMPFILL,DM-EW-IMPFILL,CC-PRESTART,10,Yes,
WS-EW-IMPFILL-PRESTART-02,Confirm site constraints and controls,SI-EW-IMPFILL,DM-EW-IMPFILL,CC-PRESTART,20,Yes,
WS-EW-IMPFILL-PRESTART-03,Set out work location,SI-EW-IMPFILL,DM-EW-IMPFILL,CC-PRESTART,30,Yes,
WS-EW-IMPFILL-BREAKOUT-01,Break out existing surface,SI-EW-IMPFILL,DM-EW-IMPFILL,CC-BREAKOUT,10,Conditional,
WS-EW-IMPFILL-BREAKOUT-02,Remove breakout material,SI-EW-IMPFILL,DM-EW-IMPFILL,CC-BREAKOUT,20,Conditional,
WS-EW-IMPFILL-LOCATE-01,Mark out known and suspected services,SI-EW-IMPFILL,DM-EW-IMPFILL,CC-LOCATE,10,Conditional,
WS-EW-IMPFILL-LOCATE-02,Correlate locator information,SI-EW-IMPFILL,DM-EW-IMPFILL,CC-LOCATE,20,Conditional,
WS-EW-IMPFILL-PROVE-01,Undertake proving / potholing / NDD,SI-EW-IMPFILL,DM-EW-IMPFILL,CC-PROVE,10,Conditional,
WS-EW-IMPFILL-PROVE-02,Confirm asset location and depth,SI-EW-IMPFILL,DM-EW-IMPFILL,CC-PROVE,20,Conditional,
WS-EW-IMPFILL-CAP-01,Install separator / geotextile,SI-EW-IMPFILL,DM-EW-IMPFILL,CC-CAP,10,Conditional,
WS-EW-IMPFILL-CAP-02,Place capping layer,SI-EW-IMPFILL,DM-EW-IMPFILL,CC-CAP,20,Conditional,
WS-EW-IMPFILL-INSTALL-01,Install main item,SI-EW-IMPFILL,DM-EW-IMPFILL,CC-INSTALL,10,Yes,
WS-EW-IMPFILL-BFILL-01,Backfill in lifts,SI-EW-IMPFILL,DM-EW-IMPFILL,CC-BFILL,10,Yes,
WS-EW-IMPFILL-BFILL-02,Compact backfill / placed material,SI-EW-IMPFILL,DM-EW-IMPFILL,CC-BFILL,20,Yes,
WS-EW-IMPFILL-QA-01,Capture QA records and as-builts,SI-EW-IMPFILL,DM-EW-IMPFILL,CC-QA,10,Yes,
WS-EW-IMPFILL-QA-02,Final inspection and closeout,SI-EW-IMPFILL,DM-EW-IMPFILL,CC-QA,20,Yes,
WS-EW-SELFILL-PRESTART-01,Review drawings and records,SI-EW-SELFILL,DM-EW-SELFILL,CC-PRESTART,10,Yes,
WS-EW-SELFILL-PRESTART-02,Confirm site constraints and controls,SI-EW-SELFILL,DM-EW-SELFILL,CC-PRESTART,20,Yes,
WS-EW-SELFILL-PRESTART-03,Set out work location,SI-EW-SELFILL,DM-EW-SELFILL,CC-PRESTART,30,Yes,
WS-EW-SELFILL-BREAKOUT-01,Break out existing surface,SI-EW-SELFILL,DM-EW-SELFILL,CC-BREAKOUT,10,Conditional,
WS-EW-SELFILL-BREAKOUT-02,Remove breakout material,SI-EW-SELFILL,DM-EW-SELFILL,CC-BREAKOUT,20,Conditional,
WS-EW-SELFILL-LOCATE-01,Mark out known and suspected services,SI-EW-SELFILL,DM-EW-SELFILL,CC-LOCATE,10,Conditional,
WS-EW-SELFILL-LOCATE-02,Correlate locator information,SI-EW-SELFILL,DM-EW-SELFILL,CC-LOCATE,20,Conditional,
WS-EW-SELFILL-PROVE-01,Undertake proving / potholing / NDD,SI-EW-SELFILL,DM-EW-SELFILL,CC-PROVE,10,Conditional,
WS-EW-SELFILL-PROVE-02,Confirm asset location and depth,SI-EW-SELFILL,DM-EW-SELFILL,CC-PROVE,20,Conditional,
WS-EW-SELFILL-CAP-01,Install separator / geotextile,SI-EW-SELFILL,DM-EW-SELFILL,CC-CAP,10,Conditional,
WS-EW-SELFILL-CAP-02,Place capping layer,SI-EW-SELFILL,DM-EW-SELFILL,CC-CAP,20,Conditional,
WS-EW-SELFILL-INSTALL-01,Install main item,SI-EW-SELFILL,DM-EW-SELFILL,CC-INSTALL,10,Yes,
WS-EW-SELFILL-BFILL-01,Backfill in lifts,SI-EW-SELFILL,DM-EW-SELFILL,CC-BFILL,10,Yes,
WS-EW-SELFILL-BFILL-02,Compact backfill / placed material,SI-EW-SELFILL,DM-EW-SELFILL,CC-BFILL,20,Yes,
WS-EW-SELFILL-QA-01,Capture QA records and as-builts,SI-EW-SELFILL,DM-EW-SELFILL,CC-QA,10,Yes,
WS-EW-SELFILL-QA-02,Final inspection and closeout,SI-EW-SELFILL,DM-EW-SELFILL,CC-QA,20,Yes,
WS-EW-CRUSHBF-PRESTART-01,Review drawings and records,SI-EW-CRUSHBF,DM-EW-CRUSHBF,CC-PRESTART,10,Yes,
WS-EW-CRUSHBF-PRESTART-02,Confirm site constraints and controls,SI-EW-CRUSHBF,DM-EW-CRUSHBF,CC-PRESTART,20,Yes,
WS-EW-CRUSHBF-PRESTART-03,Set out work location,SI-EW-CRUSHBF,DM-EW-CRUSHBF,CC-PRESTART,30,Yes,
WS-EW-CRUSHBF-BREAKOUT-01,Break out existing surface,SI-EW-CRUSHBF,DM-EW-CRUSHBF,CC-BREAKOUT,10,Conditional,
WS-EW-CRUSHBF-BREAKOUT-02,Remove breakout material,SI-EW-CRUSHBF,DM-EW-CRUSHBF,CC-BREAKOUT,20,Conditional,
WS-EW-CRUSHBF-LOCATE-01,Mark out known and suspected services,SI-EW-CRUSHBF,DM-EW-CRUSHBF,CC-LOCATE,10,Conditional,
WS-EW-CRUSHBF-LOCATE-02,Correlate locator information,SI-EW-CRUSHBF,DM-EW-CRUSHBF,CC-LOCATE,20,Conditional,
WS-EW-CRUSHBF-PROVE-01,Undertake proving / potholing / NDD,SI-EW-CRUSHBF,DM-EW-CRUSHBF,CC-PROVE,10,Conditional,
WS-EW-CRUSHBF-PROVE-02,Confirm asset location and depth,SI-EW-CRUSHBF,DM-EW-CRUSHBF,CC-PROVE,20,Conditional,
WS-EW-CRUSHBF-CAP-01,Install separator / geotextile,SI-EW-CRUSHBF,DM-EW-CRUSHBF,CC-CAP,10,Conditional,
WS-EW-CRUSHBF-CAP-02,Place capping layer,SI-EW-CRUSHBF,DM-EW-CRUSHBF,CC-CAP,20,Conditional,
WS-EW-CRUSHBF-INSTALL-01,Install main item,SI-EW-CRUSHBF,DM-EW-CRUSHBF,CC-INSTALL,10,Yes,
WS-EW-CRUSHBF-BFILL-01,Backfill in lifts,SI-EW-CRUSHBF,DM-EW-CRUSHBF,CC-BFILL,10,Yes,
WS-EW-CRUSHBF-BFILL-02,Compact backfill / placed material,SI-EW-CRUSHBF,DM-EW-CRUSHBF,CC-BFILL,20,Yes,
WS-EW-CRUSHBF-QA-01,Capture QA records and as-builts,SI-EW-CRUSHBF,DM-EW-CRUSHBF,CC-QA,10,Yes,
WS-EW-CRUSHBF-QA-02,Final inspection and closeout,SI-EW-CRUSHBF,DM-EW-CRUSHBF,CC-QA,20,Yes,
WS-DRAIN-PVC-PRESTART-01,Review drawings and records,SI-DRAIN-PVC,DM-DRAIN-PVC-STD,CC-PRESTART,10,Yes,
WS-DRAIN-PVC-PRESTART-02,Confirm site constraints and controls,SI-DRAIN-PVC,DM-DRAIN-PVC-STD,CC-PRESTART,20,Yes,
WS-DRAIN-PVC-PRESTART-03,Set out work location,SI-DRAIN-PVC,DM-DRAIN-PVC-STD,CC-PRESTART,30,Yes,
WS-DRAIN-PVC-LOCATE-01,Mark out known and suspected services,SI-DRAIN-PVC,DM-DRAIN-PVC-STD,CC-LOCATE,10,Conditional,
WS-DRAIN-PVC-LOCATE-02,Correlate locator information,SI-DRAIN-PVC,DM-DRAIN-PVC-STD,CC-LOCATE,20,Conditional,
WS-DRAIN-PVC-PROVE-01,Undertake proving / potholing / NDD,SI-DRAIN-PVC,DM-DRAIN-PVC-STD,CC-PROVE,10,Conditional,
WS-DRAIN-PVC-PROVE-02,Confirm asset location and depth,SI-DRAIN-PVC,DM-DRAIN-PVC-STD,CC-PROVE,20,Conditional,
WS-DRAIN-PVC-BREAKOUT-01,Break out existing surface,SI-DRAIN-PVC,DM-DRAIN-PVC-STD,CC-BREAKOUT,10,Conditional,
WS-DRAIN-PVC-BREAKOUT-02,Remove breakout material,SI-DRAIN-PVC,DM-DRAIN-PVC-STD,CC-BREAKOUT,20,Conditional,
WS-DRAIN-PVC-EXC-01,Excavate work area,SI-DRAIN-PVC,DM-DRAIN-PVC-STD,CC-EXC,10,Yes,
WS-DRAIN-PVC-EXC-02,Trim formation / sidewalls / base,SI-DRAIN-PVC,DM-DRAIN-PVC-STD,CC-EXC,20,Yes,
WS-DRAIN-PVC-SPOIL-01,Classify spoil,SI-DRAIN-PVC,DM-DRAIN-PVC-STD,CC-SPOIL,10,Yes,
WS-DRAIN-PVC-SPOIL-02,Stockpile / haul / dispose spoil,SI-DRAIN-PVC,DM-DRAIN-PVC-STD,CC-SPOIL,20,Yes,
WS-DRAIN-PVC-BEDDING-01,Place bedding / blinding / levelling layer,SI-DRAIN-PVC,DM-DRAIN-PVC-STD,CC-BEDDING,10,Yes,
WS-DRAIN-PVC-INSTALL-01,Install main item,SI-DRAIN-PVC,DM-DRAIN-PVC-STD,CC-INSTALL,10,Yes,
WS-DRAIN-PVC-BFILL-01,Backfill in lifts,SI-DRAIN-PVC,DM-DRAIN-PVC-STD,CC-BFILL,10,Yes,
WS-DRAIN-PVC-BFILL-02,Compact backfill / placed material,SI-DRAIN-PVC,DM-DRAIN-PVC-STD,CC-BFILL,20,Yes,
WS-DRAIN-PVC-REINSTATE-01,Reinstate local surface,SI-DRAIN-PVC,DM-DRAIN-PVC-STD,CC-REINSTATE,10,Conditional,
WS-DRAIN-PVC-QA-01,Capture QA records and as-builts,SI-DRAIN-PVC,DM-DRAIN-PVC-STD,CC-QA,10,Yes,
WS-DRAIN-PVC-QA-02,Final inspection and closeout,SI-DRAIN-PVC,DM-DRAIN-PVC-STD,CC-QA,20,Yes,
WS-DRAIN-RCP-PRESTART-01,Review drawings and records,SI-DRAIN-RCP,DM-DRAIN-RCP-STD,CC-PRESTART,10,Yes,
WS-DRAIN-RCP-PRESTART-02,Confirm site constraints and controls,SI-DRAIN-RCP,DM-DRAIN-RCP-STD,CC-PRESTART,20,Yes,
WS-DRAIN-RCP-PRESTART-03,Set out work location,SI-DRAIN-RCP,DM-DRAIN-RCP-STD,CC-PRESTART,30,Yes,
WS-DRAIN-RCP-LOCATE-01,Mark out known and suspected services,SI-DRAIN-RCP,DM-DRAIN-RCP-STD,CC-LOCATE,10,Conditional,
WS-DRAIN-RCP-LOCATE-02,Correlate locator information,SI-DRAIN-RCP,DM-DRAIN-RCP-STD,CC-LOCATE,20,Conditional,
WS-DRAIN-RCP-PROVE-01,Undertake proving / potholing / NDD,SI-DRAIN-RCP,DM-DRAIN-RCP-STD,CC-PROVE,10,Conditional,
WS-DRAIN-RCP-PROVE-02,Confirm asset location and depth,SI-DRAIN-RCP,DM-DRAIN-RCP-STD,CC-PROVE,20,Conditional,
WS-DRAIN-RCP-BREAKOUT-01,Break out existing surface,SI-DRAIN-RCP,DM-DRAIN-RCP-STD,CC-BREAKOUT,10,Conditional,
WS-DRAIN-RCP-BREAKOUT-02,Remove breakout material,SI-DRAIN-RCP,DM-DRAIN-RCP-STD,CC-BREAKOUT,20,Conditional,
WS-DRAIN-RCP-EXC-01,Excavate work area,SI-DRAIN-RCP,DM-DRAIN-RCP-STD,CC-EXC,10,Yes,
WS-DRAIN-RCP-EXC-02,Trim formation / sidewalls / base,SI-DRAIN-RCP,DM-DRAIN-RCP-STD,CC-EXC,20,Yes,
WS-DRAIN-RCP-SPOIL-01,Classify spoil,SI-DRAIN-RCP,DM-DRAIN-RCP-STD,CC-SPOIL,10,Yes,
WS-DRAIN-RCP-SPOIL-02,Stockpile / haul / dispose spoil,SI-DRAIN-RCP,DM-DRAIN-RCP-STD,CC-SPOIL,20,Yes,
WS-DRAIN-RCP-BEDDING-01,Place bedding / blinding / levelling layer,SI-DRAIN-RCP,DM-DRAIN-RCP-STD,CC-BEDDING,10,Yes,
WS-DRAIN-RCP-INSTALL-01,Install main item,SI-DRAIN-RCP,DM-DRAIN-RCP-STD,CC-INSTALL,10,Yes,
WS-DRAIN-RCP-BFILL-01,Backfill in lifts,SI-DRAIN-RCP,DM-DRAIN-RCP-STD,CC-BFILL,10,Yes,
WS-DRAIN-RCP-BFILL-02,Compact backfill / placed material,SI-DRAIN-RCP,DM-DRAIN-RCP-STD,CC-BFILL,20,Yes,
WS-DRAIN-RCP-REINSTATE-01,Reinstate local surface,SI-DRAIN-RCP,DM-DRAIN-RCP-STD,CC-REINSTATE,10,Conditional,
WS-DRAIN-RCP-QA-01,Capture QA records and as-builts,SI-DRAIN-RCP,DM-DRAIN-RCP-STD,CC-QA,10,Yes,
WS-DRAIN-RCP-QA-02,Final inspection and closeout,SI-DRAIN-RCP,DM-DRAIN-RCP-STD,CC-QA,20,Yes,
WS-DRAIN-SWAL-PRESTART-01,Review drawings and records,SI-DRAIN-SWAL,DM-DRAIN-SWAL-STD,CC-PRESTART,10,Yes,
WS-DRAIN-SWAL-PRESTART-02,Confirm site constraints and controls,SI-DRAIN-SWAL,DM-DRAIN-SWAL-STD,CC-PRESTART,20,Yes,
WS-DRAIN-SWAL-PRESTART-03,Set out work location,SI-DRAIN-SWAL,DM-DRAIN-SWAL-STD,CC-PRESTART,30,Yes,
WS-DRAIN-SWAL-LOCATE-01,Mark out known and suspected services,SI-DRAIN-SWAL,DM-DRAIN-SWAL-STD,CC-LOCATE,10,Conditional,
WS-DRAIN-SWAL-LOCATE-02,Correlate locator information,SI-DRAIN-SWAL,DM-DRAIN-SWAL-STD,CC-LOCATE,20,Conditional,
WS-DRAIN-SWAL-PROVE-01,Undertake proving / potholing / NDD,SI-DRAIN-SWAL,DM-DRAIN-SWAL-STD,CC-PROVE,10,Conditional,
WS-DRAIN-SWAL-PROVE-02,Confirm asset location and depth,SI-DRAIN-SWAL,DM-DRAIN-SWAL-STD,CC-PROVE,20,Conditional,
WS-DRAIN-SWAL-BREAKOUT-01,Break out existing surface,SI-DRAIN-SWAL,DM-DRAIN-SWAL-STD,CC-BREAKOUT,10,Conditional,
WS-DRAIN-SWAL-BREAKOUT-02,Remove breakout material,SI-DRAIN-SWAL,DM-DRAIN-SWAL-STD,CC-BREAKOUT,20,Conditional,
WS-DRAIN-SWAL-EXC-01,Excavate work area,SI-DRAIN-SWAL,DM-DRAIN-SWAL-STD,CC-EXC,10,Yes,
WS-DRAIN-SWAL-EXC-02,Trim formation / sidewalls / base,SI-DRAIN-SWAL,DM-DRAIN-SWAL-STD,CC-EXC,20,Yes,
WS-DRAIN-SWAL-SPOIL-01,Classify spoil,SI-DRAIN-SWAL,DM-DRAIN-SWAL-STD,CC-SPOIL,10,Yes,
WS-DRAIN-SWAL-SPOIL-02,Stockpile / haul / dispose spoil,SI-DRAIN-SWAL,DM-DRAIN-SWAL-STD,CC-SPOIL,20,Yes,
WS-DRAIN-SWAL-BEDDING-01,Place bedding / blinding / levelling layer,SI-DRAIN-SWAL,DM-DRAIN-SWAL-STD,CC-BEDDING,10,Conditional,
WS-DRAIN-SWAL-INSTALL-01,Install main item,SI-DRAIN-SWAL,DM-DRAIN-SWAL-STD,CC-INSTALL,10,Yes,
WS-DRAIN-SWAL-BFILL-01,Backfill in lifts,SI-DRAIN-SWAL,DM-DRAIN-SWAL-STD,CC-BFILL,10,Conditional,
WS-DRAIN-SWAL-BFILL-02,Compact backfill / placed material,SI-DRAIN-SWAL,DM-DRAIN-SWAL-STD,CC-BFILL,20,Conditional,
WS-DRAIN-SWAL-REINSTATE-01,Reinstate local surface,SI-DRAIN-SWAL,DM-DRAIN-SWAL-STD,CC-REINSTATE,10,Conditional,
WS-DRAIN-SWAL-QA-01,Capture QA records and as-builts,SI-DRAIN-SWAL,DM-DRAIN-SWAL-STD,CC-QA,10,Yes,
WS-DRAIN-SWAL-QA-02,Final inspection and closeout,SI-DRAIN-SWAL,DM-DRAIN-SWAL-STD,CC-QA,20,Yes,
WS-DRAIN-PIT-PRESTART-01,Review drawings and records,SI-DRAIN-PIT,DM-DRAIN-PIT-STD,CC-PRESTART,10,Yes,
WS-DRAIN-PIT-PRESTART-02,Confirm site constraints and controls,SI-DRAIN-PIT,DM-DRAIN-PIT-STD,CC-PRESTART,20,Yes,
WS-DRAIN-PIT-PRESTART-03,Set out work location,SI-DRAIN-PIT,DM-DRAIN-PIT-STD,CC-PRESTART,30,Yes,
WS-DRAIN-PIT-LOCATE-01,Mark out known and suspected services,SI-DRAIN-PIT,DM-DRAIN-PIT-STD,CC-LOCATE,10,Conditional,
WS-DRAIN-PIT-LOCATE-02,Correlate locator information,SI-DRAIN-PIT,DM-DRAIN-PIT-STD,CC-LOCATE,20,Conditional,
WS-DRAIN-PIT-PROVE-01,Undertake proving / potholing / NDD,SI-DRAIN-PIT,DM-DRAIN-PIT-STD,CC-PROVE,10,Conditional,
WS-DRAIN-PIT-PROVE-02,Confirm asset location and depth,SI-DRAIN-PIT,DM-DRAIN-PIT-STD,CC-PROVE,20,Conditional,
WS-DRAIN-PIT-BREAKOUT-01,Break out existing surface,SI-DRAIN-PIT,DM-DRAIN-PIT-STD,CC-BREAKOUT,10,Conditional,
WS-DRAIN-PIT-BREAKOUT-02,Remove breakout material,SI-DRAIN-PIT,DM-DRAIN-PIT-STD,CC-BREAKOUT,20,Conditional,
WS-DRAIN-PIT-EXC-01,Excavate work area,SI-DRAIN-PIT,DM-DRAIN-PIT-STD,CC-EXC,10,Yes,
WS-DRAIN-PIT-EXC-02,Trim formation / sidewalls / base,SI-DRAIN-PIT,DM-DRAIN-PIT-STD,CC-EXC,20,Yes,
WS-DRAIN-PIT-SPOIL-01,Classify spoil,SI-DRAIN-PIT,DM-DRAIN-PIT-STD,CC-SPOIL,10,Yes,
WS-DRAIN-PIT-SPOIL-02,Stockpile / haul / dispose spoil,SI-DRAIN-PIT,DM-DRAIN-PIT-STD,CC-SPOIL,20,Yes,
WS-DRAIN-PIT-BEDDING-01,Place bedding / blinding / levelling layer,SI-DRAIN-PIT,DM-DRAIN-PIT-STD,CC-BEDDING,10,Yes,
WS-DRAIN-PIT-INSTALL-01,Install main item,SI-DRAIN-PIT,DM-DRAIN-PIT-STD,CC-INSTALL,10,Yes,
WS-DRAIN-PIT-BFILL-01,Backfill in lifts,SI-DRAIN-PIT,DM-DRAIN-PIT-STD,CC-BFILL,10,Yes,
WS-DRAIN-PIT-BFILL-02,Compact backfill / placed material,SI-DRAIN-PIT,DM-DRAIN-PIT-STD,CC-BFILL,20,Yes,
WS-DRAIN-PIT-REINSTATE-01,Reinstate local surface,SI-DRAIN-PIT,DM-DRAIN-PIT-STD,CC-REINSTATE,10,Conditional,
WS-DRAIN-PIT-QA-01,Capture QA records and as-builts,SI-DRAIN-PIT,DM-DRAIN-PIT-STD,CC-QA,10,Yes,
WS-DRAIN-PIT-QA-02,Final inspection and closeout,SI-DRAIN-PIT,DM-DRAIN-PIT-STD,CC-QA,20,Yes,
WS-DRAIN-KG-PRESTART-01,Review drawings and records,SI-DRAIN-KG,DM-DRAIN-KG-STD,CC-PRESTART,10,Yes,
WS-DRAIN-KG-PRESTART-02,Confirm site constraints and controls,SI-DRAIN-KG,DM-DRAIN-KG-STD,CC-PRESTART,20,Yes,
WS-DRAIN-KG-PRESTART-03,Set out work location,SI-DRAIN-KG,DM-DRAIN-KG-STD,CC-PRESTART,30,Yes,
WS-DRAIN-KG-LOCATE-01,Mark out known and suspected services,SI-DRAIN-KG,DM-DRAIN-KG-STD,CC-LOCATE,10,Conditional,
WS-DRAIN-KG-LOCATE-02,Correlate locator information,SI-DRAIN-KG,DM-DRAIN-KG-STD,CC-LOCATE,20,Conditional,
WS-DRAIN-KG-PROVE-01,Undertake proving / potholing / NDD,SI-DRAIN-KG,DM-DRAIN-KG-STD,CC-PROVE,10,Conditional,
WS-DRAIN-KG-PROVE-02,Confirm asset location and depth,SI-DRAIN-KG,DM-DRAIN-KG-STD,CC-PROVE,20,Conditional,
WS-DRAIN-KG-BREAKOUT-01,Break out existing surface,SI-DRAIN-KG,DM-DRAIN-KG-STD,CC-BREAKOUT,10,Conditional,
WS-DRAIN-KG-BREAKOUT-02,Remove breakout material,SI-DRAIN-KG,DM-DRAIN-KG-STD,CC-BREAKOUT,20,Conditional,
WS-DRAIN-KG-EXC-01,Excavate work area,SI-DRAIN-KG,DM-DRAIN-KG-STD,CC-EXC,10,Yes,
WS-DRAIN-KG-EXC-02,Trim formation / sidewalls / base,SI-DRAIN-KG,DM-DRAIN-KG-STD,CC-EXC,20,Yes,
WS-DRAIN-KG-SPOIL-01,Classify spoil,SI-DRAIN-KG,DM-DRAIN-KG-STD,CC-SPOIL,10,Yes,
WS-DRAIN-KG-SPOIL-02,Stockpile / haul / dispose spoil,SI-DRAIN-KG,DM-DRAIN-KG-STD,CC-SPOIL,20,Yes,
WS-DRAIN-KG-BEDDING-01,Place bedding / blinding / levelling layer,SI-DRAIN-KG,DM-DRAIN-KG-STD,CC-BEDDING,10,Conditional,
WS-DRAIN-KG-INSTALL-01,Install main item,SI-DRAIN-KG,DM-DRAIN-KG-STD,CC-INSTALL,10,Yes,
WS-DRAIN-KG-BFILL-01,Backfill in lifts,SI-DRAIN-KG,DM-DRAIN-KG-STD,CC-BFILL,10,Conditional,
WS-DRAIN-KG-BFILL-02,Compact backfill / placed material,SI-DRAIN-KG,DM-DRAIN-KG-STD,CC-BFILL,20,Conditional,
WS-DRAIN-KG-REINSTATE-01,Reinstate local surface,SI-DRAIN-KG,DM-DRAIN-KG-STD,CC-REINSTATE,10,Conditional,
WS-DRAIN-KG-QA-01,Capture QA records and as-builts,SI-DRAIN-KG,DM-DRAIN-KG-STD,CC-QA,10,Yes,
WS-DRAIN-KG-QA-02,Final inspection and closeout,SI-DRAIN-KG,DM-DRAIN-KG-STD,CC-QA,20,Yes,
WS-DRAIN-LKB-PRESTART-01,Review drawings and records,SI-DRAIN-LKB,DM-DRAIN-LKB-STD,CC-PRESTART,10,Yes,
WS-DRAIN-LKB-PRESTART-02,Confirm site constraints and controls,SI-DRAIN-LKB,DM-DRAIN-LKB-STD,CC-PRESTART,20,Yes,
WS-DRAIN-LKB-PRESTART-03,Set out work location,SI-DRAIN-LKB,DM-DRAIN-LKB-STD,CC-PRESTART,30,Yes,
WS-DRAIN-LKB-LOCATE-01,Mark out known and suspected services,SI-DRAIN-LKB,DM-DRAIN-LKB-STD,CC-LOCATE,10,Conditional,
WS-DRAIN-LKB-LOCATE-02,Correlate locator information,SI-DRAIN-LKB,DM-DRAIN-LKB-STD,CC-LOCATE,20,Conditional,
WS-DRAIN-LKB-PROVE-01,Undertake proving / potholing / NDD,SI-DRAIN-LKB,DM-DRAIN-LKB-STD,CC-PROVE,10,Conditional,
WS-DRAIN-LKB-PROVE-02,Confirm asset location and depth,SI-DRAIN-LKB,DM-DRAIN-LKB-STD,CC-PROVE,20,Conditional,
WS-DRAIN-LKB-BREAKOUT-01,Break out existing surface,SI-DRAIN-LKB,DM-DRAIN-LKB-STD,CC-BREAKOUT,10,Conditional,
WS-DRAIN-LKB-BREAKOUT-02,Remove breakout material,SI-DRAIN-LKB,DM-DRAIN-LKB-STD,CC-BREAKOUT,20,Conditional,
WS-DRAIN-LKB-EXC-01,Excavate work area,SI-DRAIN-LKB,DM-DRAIN-LKB-STD,CC-EXC,10,Yes,
WS-DRAIN-LKB-EXC-02,Trim formation / sidewalls / base,SI-DRAIN-LKB,DM-DRAIN-LKB-STD,CC-EXC,20,Yes,
WS-DRAIN-LKB-SPOIL-01,Classify spoil,SI-DRAIN-LKB,DM-DRAIN-LKB-STD,CC-SPOIL,10,Yes,
WS-DRAIN-LKB-SPOIL-02,Stockpile / haul / dispose spoil,SI-DRAIN-LKB,DM-DRAIN-LKB-STD,CC-SPOIL,20,Yes,
WS-DRAIN-LKB-BEDDING-01,Place bedding / blinding / levelling layer,SI-DRAIN-LKB,DM-DRAIN-LKB-STD,CC-BEDDING,10,Conditional,
WS-DRAIN-LKB-INSTALL-01,Install main item,SI-DRAIN-LKB,DM-DRAIN-LKB-STD,CC-INSTALL,10,Yes,
WS-DRAIN-LKB-BFILL-01,Backfill in lifts,SI-DRAIN-LKB,DM-DRAIN-LKB-STD,CC-BFILL,10,Conditional,
WS-DRAIN-LKB-BFILL-02,Compact backfill / placed material,SI-DRAIN-LKB,DM-DRAIN-LKB-STD,CC-BFILL,20,Conditional,
WS-DRAIN-LKB-REINSTATE-01,Reinstate local surface,SI-DRAIN-LKB,DM-DRAIN-LKB-STD,CC-REINSTATE,10,Conditional,
WS-DRAIN-LKB-QA-01,Capture QA records and as-builts,SI-DRAIN-LKB,DM-DRAIN-LKB-STD,CC-QA,10,Yes,
WS-DRAIN-LKB-QA-02,Final inspection and closeout,SI-DRAIN-LKB,DM-DRAIN-LKB-STD,CC-QA,20,Yes,
WS-DRAIN-XS-PRESTART-01,Review drawings and records,SI-DRAIN-XS,DM-DRAIN-XS-STD,CC-PRESTART,10,Yes,
WS-DRAIN-XS-PRESTART-02,Confirm site constraints and controls,SI-DRAIN-XS,DM-DRAIN-XS-STD,CC-PRESTART,20,Yes,
WS-DRAIN-XS-PRESTART-03,Set out work location,SI-DRAIN-XS,DM-DRAIN-XS-STD,CC-PRESTART,30,Yes,
WS-DRAIN-XS-LOCATE-01,Mark out known and suspected services,SI-DRAIN-XS,DM-DRAIN-XS-STD,CC-LOCATE,10,Conditional,
WS-DRAIN-XS-LOCATE-02,Correlate locator information,SI-DRAIN-XS,DM-DRAIN-XS-STD,CC-LOCATE,20,Conditional,
WS-DRAIN-XS-PROVE-01,Undertake proving / potholing / NDD,SI-DRAIN-XS,DM-DRAIN-XS-STD,CC-PROVE,10,Conditional,
WS-DRAIN-XS-PROVE-02,Confirm asset location and depth,SI-DRAIN-XS,DM-DRAIN-XS-STD,CC-PROVE,20,Conditional,
WS-DRAIN-XS-BREAKOUT-01,Break out existing surface,SI-DRAIN-XS,DM-DRAIN-XS-STD,CC-BREAKOUT,10,Conditional,
WS-DRAIN-XS-BREAKOUT-02,Remove breakout material,SI-DRAIN-XS,DM-DRAIN-XS-STD,CC-BREAKOUT,20,Conditional,
WS-DRAIN-XS-EXC-01,Excavate work area,SI-DRAIN-XS,DM-DRAIN-XS-STD,CC-EXC,10,Yes,
WS-DRAIN-XS-EXC-02,Trim formation / sidewalls / base,SI-DRAIN-XS,DM-DRAIN-XS-STD,CC-EXC,20,Yes,
WS-DRAIN-XS-SPOIL-01,Classify spoil,SI-DRAIN-XS,DM-DRAIN-XS-STD,CC-SPOIL,10,Yes,
WS-DRAIN-XS-SPOIL-02,Stockpile / haul / dispose spoil,SI-DRAIN-XS,DM-DRAIN-XS-STD,CC-SPOIL,20,Yes,
WS-DRAIN-XS-BEDDING-01,Place bedding / blinding / levelling layer,SI-DRAIN-XS,DM-DRAIN-XS-STD,CC-BEDDING,10,Conditional,
WS-DRAIN-XS-INSTALL-01,Install main item,SI-DRAIN-XS,DM-DRAIN-XS-STD,CC-INSTALL,10,Yes,
WS-DRAIN-XS-BFILL-01,Backfill in lifts,SI-DRAIN-XS,DM-DRAIN-XS-STD,CC-BFILL,10,Conditional,
WS-DRAIN-XS-BFILL-02,Compact backfill / placed material,SI-DRAIN-XS,DM-DRAIN-XS-STD,CC-BFILL,20,Conditional,
WS-DRAIN-XS-REINSTATE-01,Reinstate local surface,SI-DRAIN-XS,DM-DRAIN-XS-STD,CC-REINSTATE,10,Conditional,
WS-DRAIN-XS-QA-01,Capture QA records and as-builts,SI-DRAIN-XS,DM-DRAIN-XS-STD,CC-QA,10,Yes,
WS-DRAIN-XS-QA-02,Final inspection and closeout,SI-DRAIN-XS,DM-DRAIN-XS-STD,CC-QA,20,Yes,
WS-DRAIN-XD-PRESTART-01,Review drawings and records,SI-DRAIN-XD,DM-DRAIN-XD-STD,CC-PRESTART,10,Yes,
WS-DRAIN-XD-PRESTART-02,Confirm site constraints and controls,SI-DRAIN-XD,DM-DRAIN-XD-STD,CC-PRESTART,20,Yes,
WS-DRAIN-XD-PRESTART-03,Set out work location,SI-DRAIN-XD,DM-DRAIN-XD-STD,CC-PRESTART,30,Yes,
WS-DRAIN-XD-LOCATE-01,Mark out known and suspected services,SI-DRAIN-XD,DM-DRAIN-XD-STD,CC-LOCATE,10,Conditional,
WS-DRAIN-XD-LOCATE-02,Correlate locator information,SI-DRAIN-XD,DM-DRAIN-XD-STD,CC-LOCATE,20,Conditional,
WS-DRAIN-XD-PROVE-01,Undertake proving / potholing / NDD,SI-DRAIN-XD,DM-DRAIN-XD-STD,CC-PROVE,10,Conditional,
WS-DRAIN-XD-PROVE-02,Confirm asset location and depth,SI-DRAIN-XD,DM-DRAIN-XD-STD,CC-PROVE,20,Conditional,
WS-DRAIN-XD-BREAKOUT-01,Break out existing surface,SI-DRAIN-XD,DM-DRAIN-XD-STD,CC-BREAKOUT,10,Conditional,
WS-DRAIN-XD-BREAKOUT-02,Remove breakout material,SI-DRAIN-XD,DM-DRAIN-XD-STD,CC-BREAKOUT,20,Conditional,
WS-DRAIN-XD-EXC-01,Excavate work area,SI-DRAIN-XD,DM-DRAIN-XD-STD,CC-EXC,10,Yes,
WS-DRAIN-XD-EXC-02,Trim formation / sidewalls / base,SI-DRAIN-XD,DM-DRAIN-XD-STD,CC-EXC,20,Yes,
WS-DRAIN-XD-SPOIL-01,Classify spoil,SI-DRAIN-XD,DM-DRAIN-XD-STD,CC-SPOIL,10,Yes,
WS-DRAIN-XD-SPOIL-02,Stockpile / haul / dispose spoil,SI-DRAIN-XD,DM-DRAIN-XD-STD,CC-SPOIL,20,Yes,
WS-DRAIN-XD-BEDDING-01,Place bedding / blinding / levelling layer,SI-DRAIN-XD,DM-DRAIN-XD-STD,CC-BEDDING,10,Conditional,
WS-DRAIN-XD-INSTALL-01,Install main item,SI-DRAIN-XD,DM-DRAIN-XD-STD,CC-INSTALL,10,Yes,
WS-DRAIN-XD-BFILL-01,Backfill in lifts,SI-DRAIN-XD,DM-DRAIN-XD-STD,CC-BFILL,10,Conditional,
WS-DRAIN-XD-BFILL-02,Compact backfill / placed material,SI-DRAIN-XD,DM-DRAIN-XD-STD,CC-BFILL,20,Conditional,
WS-DRAIN-XD-REINSTATE-01,Reinstate local surface,SI-DRAIN-XD,DM-DRAIN-XD-STD,CC-REINSTATE,10,Conditional,
WS-DRAIN-XD-QA-01,Capture QA records and as-builts,SI-DRAIN-XD,DM-DRAIN-XD-STD,CC-QA,10,Yes,
WS-DRAIN-XD-QA-02,Final inspection and closeout,SI-DRAIN-XD,DM-DRAIN-XD-STD,CC-QA,20,Yes,
WS-DRAIN-RWB-PRESTART-01,Review drawings and records,SI-DRAIN-RWB,DM-DRAIN-RWB-STD,CC-PRESTART,10,Yes,
WS-DRAIN-RWB-PRESTART-02,Confirm site constraints and controls,SI-DRAIN-RWB,DM-DRAIN-RWB-STD,CC-PRESTART,20,Yes,
WS-DRAIN-RWB-PRESTART-03,Set out work location,SI-DRAIN-RWB,DM-DRAIN-RWB-STD,CC-PRESTART,30,Yes,
WS-DRAIN-RWB-LOCATE-01,Mark out known and suspected services,SI-DRAIN-RWB,DM-DRAIN-RWB-STD,CC-LOCATE,10,Conditional,
WS-DRAIN-RWB-LOCATE-02,Correlate locator information,SI-DRAIN-RWB,DM-DRAIN-RWB-STD,CC-LOCATE,20,Conditional,
WS-DRAIN-RWB-PROVE-01,Undertake proving / potholing / NDD,SI-DRAIN-RWB,DM-DRAIN-RWB-STD,CC-PROVE,10,Conditional,
WS-DRAIN-RWB-PROVE-02,Confirm asset location and depth,SI-DRAIN-RWB,DM-DRAIN-RWB-STD,CC-PROVE,20,Conditional,
WS-DRAIN-RWB-BREAKOUT-01,Break out existing surface,SI-DRAIN-RWB,DM-DRAIN-RWB-STD,CC-BREAKOUT,10,Conditional,
WS-DRAIN-RWB-BREAKOUT-02,Remove breakout material,SI-DRAIN-RWB,DM-DRAIN-RWB-STD,CC-BREAKOUT,20,Conditional,
WS-DRAIN-RWB-EXC-01,Excavate work area,SI-DRAIN-RWB,DM-DRAIN-RWB-STD,CC-EXC,10,Yes,
WS-DRAIN-RWB-EXC-02,Trim formation / sidewalls / base,SI-DRAIN-RWB,DM-DRAIN-RWB-STD,CC-EXC,20,Yes,
WS-DRAIN-RWB-SPOIL-01,Classify spoil,SI-DRAIN-RWB,DM-DRAIN-RWB-STD,CC-SPOIL,10,Yes,
WS-DRAIN-RWB-SPOIL-02,Stockpile / haul / dispose spoil,SI-DRAIN-RWB,DM-DRAIN-RWB-STD,CC-SPOIL,20,Yes,
WS-DRAIN-RWB-BEDDING-01,Place bedding / blinding / levelling layer,SI-DRAIN-RWB,DM-DRAIN-RWB-STD,CC-BEDDING,10,Conditional,
WS-DRAIN-RWB-INSTALL-01,Install main item,SI-DRAIN-RWB,DM-DRAIN-RWB-STD,CC-INSTALL,10,Yes,
WS-DRAIN-RWB-BFILL-01,Backfill in lifts,SI-DRAIN-RWB,DM-DRAIN-RWB-STD,CC-BFILL,10,Conditional,
WS-DRAIN-RWB-BFILL-02,Compact backfill / placed material,SI-DRAIN-RWB,DM-DRAIN-RWB-STD,CC-BFILL,20,Conditional,
WS-DRAIN-RWB-REINSTATE-01,Reinstate local surface,SI-DRAIN-RWB,DM-DRAIN-RWB-STD,CC-REINSTATE,10,Conditional,
WS-DRAIN-RWB-QA-01,Capture QA records and as-builts,SI-DRAIN-RWB,DM-DRAIN-RWB-STD,CC-QA,10,Yes,
WS-DRAIN-RWB-QA-02,Final inspection and closeout,SI-DRAIN-RWB,DM-DRAIN-RWB-STD,CC-QA,20,Yes,
WS-DRAIN-RWC-PRESTART-01,Review drawings and records,SI-DRAIN-RWC,DM-DRAIN-RWC-STD,CC-PRESTART,10,Yes,
WS-DRAIN-RWC-PRESTART-02,Confirm site constraints and controls,SI-DRAIN-RWC,DM-DRAIN-RWC-STD,CC-PRESTART,20,Yes,
WS-DRAIN-RWC-PRESTART-03,Set out work location,SI-DRAIN-RWC,DM-DRAIN-RWC-STD,CC-PRESTART,30,Yes,
WS-DRAIN-RWC-LOCATE-01,Mark out known and suspected services,SI-DRAIN-RWC,DM-DRAIN-RWC-STD,CC-LOCATE,10,Conditional,
WS-DRAIN-RWC-LOCATE-02,Correlate locator information,SI-DRAIN-RWC,DM-DRAIN-RWC-STD,CC-LOCATE,20,Conditional,
WS-DRAIN-RWC-PROVE-01,Undertake proving / potholing / NDD,SI-DRAIN-RWC,DM-DRAIN-RWC-STD,CC-PROVE,10,Conditional,
WS-DRAIN-RWC-PROVE-02,Confirm asset location and depth,SI-DRAIN-RWC,DM-DRAIN-RWC-STD,CC-PROVE,20,Conditional,
WS-DRAIN-RWC-BREAKOUT-01,Break out existing surface,SI-DRAIN-RWC,DM-DRAIN-RWC-STD,CC-BREAKOUT,10,Conditional,
WS-DRAIN-RWC-BREAKOUT-02,Remove breakout material,SI-DRAIN-RWC,DM-DRAIN-RWC-STD,CC-BREAKOUT,20,Conditional,
WS-DRAIN-RWC-EXC-01,Excavate work area,SI-DRAIN-RWC,DM-DRAIN-RWC-STD,CC-EXC,10,Yes,
WS-DRAIN-RWC-EXC-02,Trim formation / sidewalls / base,SI-DRAIN-RWC,DM-DRAIN-RWC-STD,CC-EXC,20,Yes,
WS-DRAIN-RWC-SPOIL-01,Classify spoil,SI-DRAIN-RWC,DM-DRAIN-RWC-STD,CC-SPOIL,10,Yes,
WS-DRAIN-RWC-SPOIL-02,Stockpile / haul / dispose spoil,SI-DRAIN-RWC,DM-DRAIN-RWC-STD,CC-SPOIL,20,Yes,
WS-DRAIN-RWC-BEDDING-01,Place bedding / blinding / levelling layer,SI-DRAIN-RWC,DM-DRAIN-RWC-STD,CC-BEDDING,10,Conditional,
WS-DRAIN-RWC-INSTALL-01,Install main item,SI-DRAIN-RWC,DM-DRAIN-RWC-STD,CC-INSTALL,10,Yes,
WS-DRAIN-RWC-BFILL-01,Backfill in lifts,SI-DRAIN-RWC,DM-DRAIN-RWC-STD,CC-BFILL,10,Conditional,
WS-DRAIN-RWC-BFILL-02,Compact backfill / placed material,SI-DRAIN-RWC,DM-DRAIN-RWC-STD,CC-BFILL,20,Conditional,
WS-DRAIN-RWC-REINSTATE-01,Reinstate local surface,SI-DRAIN-RWC,DM-DRAIN-RWC-STD,CC-REINSTATE,10,Conditional,
WS-DRAIN-RWC-QA-01,Capture QA records and as-builts,SI-DRAIN-RWC,DM-DRAIN-RWC-STD,CC-QA,10,Yes,
WS-DRAIN-RWC-QA-02,Final inspection and closeout,SI-DRAIN-RWC,DM-DRAIN-RWC-STD,CC-QA,20,Yes,
WS-DRAIN-RWT-PRESTART-01,Review drawings and records,SI-DRAIN-RWT,DM-DRAIN-RWT-STD,CC-PRESTART,10,Yes,
WS-DRAIN-RWT-PRESTART-02,Confirm site constraints and controls,SI-DRAIN-RWT,DM-DRAIN-RWT-STD,CC-PRESTART,20,Yes,
WS-DRAIN-RWT-PRESTART-03,Set out work location,SI-DRAIN-RWT,DM-DRAIN-RWT-STD,CC-PRESTART,30,Yes,
WS-DRAIN-RWT-LOCATE-01,Mark out known and suspected services,SI-DRAIN-RWT,DM-DRAIN-RWT-STD,CC-LOCATE,10,Conditional,
WS-DRAIN-RWT-LOCATE-02,Correlate locator information,SI-DRAIN-RWT,DM-DRAIN-RWT-STD,CC-LOCATE,20,Conditional,
WS-DRAIN-RWT-PROVE-01,Undertake proving / potholing / NDD,SI-DRAIN-RWT,DM-DRAIN-RWT-STD,CC-PROVE,10,Conditional,
WS-DRAIN-RWT-PROVE-02,Confirm asset location and depth,SI-DRAIN-RWT,DM-DRAIN-RWT-STD,CC-PROVE,20,Conditional,
WS-DRAIN-RWT-BREAKOUT-01,Break out existing surface,SI-DRAIN-RWT,DM-DRAIN-RWT-STD,CC-BREAKOUT,10,Conditional,
WS-DRAIN-RWT-BREAKOUT-02,Remove breakout material,SI-DRAIN-RWT,DM-DRAIN-RWT-STD,CC-BREAKOUT,20,Conditional,
WS-DRAIN-RWT-EXC-01,Excavate work area,SI-DRAIN-RWT,DM-DRAIN-RWT-STD,CC-EXC,10,Yes,
WS-DRAIN-RWT-EXC-02,Trim formation / sidewalls / base,SI-DRAIN-RWT,DM-DRAIN-RWT-STD,CC-EXC,20,Yes,
WS-DRAIN-RWT-SPOIL-01,Classify spoil,SI-DRAIN-RWT,DM-DRAIN-RWT-STD,CC-SPOIL,10,Yes,
WS-DRAIN-RWT-SPOIL-02,Stockpile / haul / dispose spoil,SI-DRAIN-RWT,DM-DRAIN-RWT-STD,CC-SPOIL,20,Yes,
WS-DRAIN-RWT-BEDDING-01,Place bedding / blinding / levelling layer,SI-DRAIN-RWT,DM-DRAIN-RWT-STD,CC-BEDDING,10,Conditional,
WS-DRAIN-RWT-INSTALL-01,Install main item,SI-DRAIN-RWT,DM-DRAIN-RWT-STD,CC-INSTALL,10,Yes,
WS-DRAIN-RWT-BFILL-01,Backfill in lifts,SI-DRAIN-RWT,DM-DRAIN-RWT-STD,CC-BFILL,10,Conditional,
WS-DRAIN-RWT-BFILL-02,Compact backfill / placed material,SI-DRAIN-RWT,DM-DRAIN-RWT-STD,CC-BFILL,20,Conditional,
WS-DRAIN-RWT-REINSTATE-01,Reinstate local surface,SI-DRAIN-RWT,DM-DRAIN-RWT-STD,CC-REINSTATE,10,Conditional,
WS-DRAIN-RWT-QA-01,Capture QA records and as-builts,SI-DRAIN-RWT,DM-DRAIN-RWT-STD,CC-QA,10,Yes,
WS-DRAIN-RWT-QA-02,Final inspection and closeout,SI-DRAIN-RWT,DM-DRAIN-RWT-STD,CC-QA,20,Yes,
WS-FENCE-PERSG-PRESTART-01,Review drawings and records,SI-FENCE-PERSG,DM-FENCE-PERSG,CC-PRESTART,10,Yes,
WS-FENCE-PERSG-PRESTART-02,Confirm site constraints and controls,SI-FENCE-PERSG,DM-FENCE-PERSG,CC-PRESTART,20,Yes,
WS-FENCE-PERSG-PRESTART-03,Set out work location,SI-FENCE-PERSG,DM-FENCE-PERSG,CC-PRESTART,30,Yes,
WS-FENCE-PERSG-BREAKOUT-01,Break out existing surface,SI-FENCE-PERSG,DM-FENCE-PERSG,CC-BREAKOUT,10,Conditional,
WS-FENCE-PERSG-BREAKOUT-02,Remove breakout material,SI-FENCE-PERSG,DM-FENCE-PERSG,CC-BREAKOUT,20,Conditional,
WS-FENCE-PERSG-EXC-01,Excavate work area,SI-FENCE-PERSG,DM-FENCE-PERSG,CC-EXC,10,Conditional,
WS-FENCE-PERSG-EXC-02,Trim formation / sidewalls / base,SI-FENCE-PERSG,DM-FENCE-PERSG,CC-EXC,20,Conditional,
WS-FENCE-PERSG-INSTALL-01,Install main item,SI-FENCE-PERSG,DM-FENCE-PERSG,CC-INSTALL,10,Yes,
WS-FENCE-PERSG-TIEIN-01,Form tie-ins / penetrations / edges,SI-FENCE-PERSG,DM-FENCE-PERSG,CC-TIEIN,10,Conditional,
WS-FENCE-PERSG-BFILL-01,Backfill in lifts,SI-FENCE-PERSG,DM-FENCE-PERSG,CC-BFILL,10,Conditional,
WS-FENCE-PERSG-BFILL-02,Compact backfill / placed material,SI-FENCE-PERSG,DM-FENCE-PERSG,CC-BFILL,20,Conditional,
WS-FENCE-PERSG-REINSTATE-01,Reinstate local surface,SI-FENCE-PERSG,DM-FENCE-PERSG,CC-REINSTATE,10,Conditional,
WS-FENCE-PERSG-QA-01,Capture QA records and as-builts,SI-FENCE-PERSG,DM-FENCE-PERSG,CC-QA,10,Yes,
WS-FENCE-PERSG-QA-02,Final inspection and closeout,SI-FENCE-PERSG,DM-FENCE-PERSG,CC-QA,20,Yes,
WS-FENCE-VEHG-PRESTART-01,Review drawings and records,SI-FENCE-VEHG,DM-FENCE-VEHG,CC-PRESTART,10,Yes,
WS-FENCE-VEHG-PRESTART-02,Confirm site constraints and controls,SI-FENCE-VEHG,DM-FENCE-VEHG,CC-PRESTART,20,Yes,
WS-FENCE-VEHG-PRESTART-03,Set out work location,SI-FENCE-VEHG,DM-FENCE-VEHG,CC-PRESTART,30,Yes,
WS-FENCE-VEHG-BREAKOUT-01,Break out existing surface,SI-FENCE-VEHG,DM-FENCE-VEHG,CC-BREAKOUT,10,Conditional,
WS-FENCE-VEHG-BREAKOUT-02,Remove breakout material,SI-FENCE-VEHG,DM-FENCE-VEHG,CC-BREAKOUT,20,Conditional,
WS-FENCE-VEHG-EXC-01,Excavate work area,SI-FENCE-VEHG,DM-FENCE-VEHG,CC-EXC,10,Conditional,
WS-FENCE-VEHG-EXC-02,Trim formation / sidewalls / base,SI-FENCE-VEHG,DM-FENCE-VEHG,CC-EXC,20,Conditional,
WS-FENCE-VEHG-INSTALL-01,Install main item,SI-FENCE-VEHG,DM-FENCE-VEHG,CC-INSTALL,10,Yes,
WS-FENCE-VEHG-TIEIN-01,Form tie-ins / penetrations / edges,SI-FENCE-VEHG,DM-FENCE-VEHG,CC-TIEIN,10,Conditional,
WS-FENCE-VEHG-BFILL-01,Backfill in lifts,SI-FENCE-VEHG,DM-FENCE-VEHG,CC-BFILL,10,Conditional,
WS-FENCE-VEHG-BFILL-02,Compact backfill / placed material,SI-FENCE-VEHG,DM-FENCE-VEHG,CC-BFILL,20,Conditional,
WS-FENCE-VEHG-REINSTATE-01,Reinstate local surface,SI-FENCE-VEHG,DM-FENCE-VEHG,CC-REINSTATE,10,Conditional,
WS-FENCE-VEHG-QA-01,Capture QA records and as-builts,SI-FENCE-VEHG,DM-FENCE-VEHG,CC-QA,10,Yes,
WS-FENCE-VEHG-QA-02,Final inspection and closeout,SI-FENCE-VEHG,DM-FENCE-VEHG,CC-QA,20,Yes,
WS-FENCE-REM-PRESTART-01,Review drawings and records,SI-FENCE-REM,DM-FENCE-REM,CC-PRESTART,10,Yes,
WS-FENCE-REM-PRESTART-02,Confirm site constraints and controls,SI-FENCE-REM,DM-FENCE-REM,CC-PRESTART,20,Yes,
WS-FENCE-REM-PRESTART-03,Set out work location,SI-FENCE-REM,DM-FENCE-REM,CC-PRESTART,30,Yes,
WS-FENCE-REM-BREAKOUT-01,Break out existing surface,SI-FENCE-REM,DM-FENCE-REM,CC-BREAKOUT,10,Conditional,
WS-FENCE-REM-BREAKOUT-02,Remove breakout material,SI-FENCE-REM,DM-FENCE-REM,CC-BREAKOUT,20,Conditional,
WS-FENCE-REM-EXC-01,Excavate work area,SI-FENCE-REM,DM-FENCE-REM,CC-EXC,10,Conditional,
WS-FENCE-REM-EXC-02,Trim formation / sidewalls / base,SI-FENCE-REM,DM-FENCE-REM,CC-EXC,20,Conditional,
WS-FENCE-REM-INSTALL-01,Install main item,SI-FENCE-REM,DM-FENCE-REM,CC-INSTALL,10,Yes,
WS-FENCE-REM-TIEIN-01,Form tie-ins / penetrations / edges,SI-FENCE-REM,DM-FENCE-REM,CC-TIEIN,10,Conditional,
WS-FENCE-REM-BFILL-01,Backfill in lifts,SI-FENCE-REM,DM-FENCE-REM,CC-BFILL,10,Conditional,
WS-FENCE-REM-BFILL-02,Compact backfill / placed material,SI-FENCE-REM,DM-FENCE-REM,CC-BFILL,20,Conditional,
WS-FENCE-REM-REINSTATE-01,Reinstate local surface,SI-FENCE-REM,DM-FENCE-REM,CC-REINSTATE,10,Conditional,
WS-FENCE-REM-QA-01,Capture QA records and as-builts,SI-FENCE-REM,DM-FENCE-REM,CC-QA,10,Yes,
WS-FENCE-REM-QA-02,Final inspection and closeout,SI-FENCE-REM,DM-FENCE-REM,CC-QA,20,Yes,
WS-FENCE-RELOC-PRESTART-01,Review drawings and records,SI-FENCE-RELOC,DM-FENCE-RELOC,CC-PRESTART,10,Yes,
WS-FENCE-RELOC-PRESTART-02,Confirm site constraints and controls,SI-FENCE-RELOC,DM-FENCE-RELOC,CC-PRESTART,20,Yes,
WS-FENCE-RELOC-PRESTART-03,Set out work location,SI-FENCE-RELOC,DM-FENCE-RELOC,CC-PRESTART,30,Yes,
WS-FENCE-RELOC-BREAKOUT-01,Break out existing surface,SI-FENCE-RELOC,DM-FENCE-RELOC,CC-BREAKOUT,10,Conditional,
WS-FENCE-RELOC-BREAKOUT-02,Remove breakout material,SI-FENCE-RELOC,DM-FENCE-RELOC,CC-BREAKOUT,20,Conditional,
WS-FENCE-RELOC-EXC-01,Excavate work area,SI-FENCE-RELOC,DM-FENCE-RELOC,CC-EXC,10,Conditional,
WS-FENCE-RELOC-EXC-02,Trim formation / sidewalls / base,SI-FENCE-RELOC,DM-FENCE-RELOC,CC-EXC,20,Conditional,
WS-FENCE-RELOC-INSTALL-01,Install main item,SI-FENCE-RELOC,DM-FENCE-RELOC,CC-INSTALL,10,Yes,
WS-FENCE-RELOC-TIEIN-01,Form tie-ins / penetrations / edges,SI-FENCE-RELOC,DM-FENCE-RELOC,CC-TIEIN,10,Conditional,
WS-FENCE-RELOC-BFILL-01,Backfill in lifts,SI-FENCE-RELOC,DM-FENCE-RELOC,CC-BFILL,10,Conditional,
WS-FENCE-RELOC-BFILL-02,Compact backfill / placed material,SI-FENCE-RELOC,DM-FENCE-RELOC,CC-BFILL,20,Conditional,
WS-FENCE-RELOC-REINSTATE-01,Reinstate local surface,SI-FENCE-RELOC,DM-FENCE-RELOC,CC-REINSTATE,10,Conditional,
WS-FENCE-RELOC-QA-01,Capture QA records and as-builts,SI-FENCE-RELOC,DM-FENCE-RELOC,CC-QA,10,Yes,
WS-FENCE-RELOC-QA-02,Final inspection and closeout,SI-FENCE-RELOC,DM-FENCE-RELOC,CC-QA,20,Yes,
WS-FENCE-STKS-PRESTART-01,Review drawings and records,SI-FENCE-STKS,DM-FENCE-STKS,CC-PRESTART,10,Yes,
WS-FENCE-STKS-PRESTART-02,Confirm site constraints and controls,SI-FENCE-STKS,DM-FENCE-STKS,CC-PRESTART,20,Yes,
WS-FENCE-STKS-PRESTART-03,Set out work location,SI-FENCE-STKS,DM-FENCE-STKS,CC-PRESTART,30,Yes,
WS-FENCE-STKS-BREAKOUT-01,Break out existing surface,SI-FENCE-STKS,DM-FENCE-STKS,CC-BREAKOUT,10,Conditional,
WS-FENCE-STKS-BREAKOUT-02,Remove breakout material,SI-FENCE-STKS,DM-FENCE-STKS,CC-BREAKOUT,20,Conditional,
WS-FENCE-STKS-EXC-01,Excavate work area,SI-FENCE-STKS,DM-FENCE-STKS,CC-EXC,10,Conditional,
WS-FENCE-STKS-EXC-02,Trim formation / sidewalls / base,SI-FENCE-STKS,DM-FENCE-STKS,CC-EXC,20,Conditional,
WS-FENCE-STKS-INSTALL-01,Install main item,SI-FENCE-STKS,DM-FENCE-STKS,CC-INSTALL,10,Yes,
WS-FENCE-STKS-TIEIN-01,Form tie-ins / penetrations / edges,SI-FENCE-STKS,DM-FENCE-STKS,CC-TIEIN,10,Conditional,
WS-FENCE-STKS-BFILL-01,Backfill in lifts,SI-FENCE-STKS,DM-FENCE-STKS,CC-BFILL,10,Conditional,
WS-FENCE-STKS-BFILL-02,Compact backfill / placed material,SI-FENCE-STKS,DM-FENCE-STKS,CC-BFILL,20,Conditional,
WS-FENCE-STKS-REINSTATE-01,Reinstate local surface,SI-FENCE-STKS,DM-FENCE-STKS,CC-REINSTATE,10,Conditional,
WS-FENCE-STKS-QA-01,Capture QA records and as-builts,SI-FENCE-STKS,DM-FENCE-STKS,CC-QA,10,Yes,
WS-FENCE-STKS-QA-02,Final inspection and closeout,SI-FENCE-STKS,DM-FENCE-STKS,CC-QA,20,Yes,
WS-FENCE-STKD-PRESTART-01,Review drawings and records,SI-FENCE-STKD,DM-FENCE-STKD,CC-PRESTART,10,Yes,
WS-FENCE-STKD-PRESTART-02,Confirm site constraints and controls,SI-FENCE-STKD,DM-FENCE-STKD,CC-PRESTART,20,Yes,
WS-FENCE-STKD-PRESTART-03,Set out work location,SI-FENCE-STKD,DM-FENCE-STKD,CC-PRESTART,30,Yes,
WS-FENCE-STKD-BREAKOUT-01,Break out existing surface,SI-FENCE-STKD,DM-FENCE-STKD,CC-BREAKOUT,10,Conditional,
WS-FENCE-STKD-BREAKOUT-02,Remove breakout material,SI-FENCE-STKD,DM-FENCE-STKD,CC-BREAKOUT,20,Conditional,
WS-FENCE-STKD-EXC-01,Excavate work area,SI-FENCE-STKD,DM-FENCE-STKD,CC-EXC,10,Conditional,
WS-FENCE-STKD-EXC-02,Trim formation / sidewalls / base,SI-FENCE-STKD,DM-FENCE-STKD,CC-EXC,20,Conditional,
WS-FENCE-STKD-INSTALL-01,Install main item,SI-FENCE-STKD,DM-FENCE-STKD,CC-INSTALL,10,Yes,
WS-FENCE-STKD-TIEIN-01,Form tie-ins / penetrations / edges,SI-FENCE-STKD,DM-FENCE-STKD,CC-TIEIN,10,Conditional,
WS-FENCE-STKD-BFILL-01,Backfill in lifts,SI-FENCE-STKD,DM-FENCE-STKD,CC-BFILL,10,Conditional,
WS-FENCE-STKD-BFILL-02,Compact backfill / placed material,SI-FENCE-STKD,DM-FENCE-STKD,CC-BFILL,20,Conditional,
WS-FENCE-STKD-REINSTATE-01,Reinstate local surface,SI-FENCE-STKD,DM-FENCE-STKD,CC-REINSTATE,10,Conditional,
WS-FENCE-STKD-QA-01,Capture QA records and as-builts,SI-FENCE-STKD,DM-FENCE-STKD,CC-QA,10,Yes,
WS-FENCE-STKD-QA-02,Final inspection and closeout,SI-FENCE-STKD,DM-FENCE-STKD,CC-QA,20,Yes,
WS-FENCE-STKREM-PRESTART-01,Review drawings and records,SI-FENCE-STKREM,DM-FENCE-STKREM,CC-PRESTART,10,Yes,
WS-FENCE-STKREM-PRESTART-02,Confirm site constraints and controls,SI-FENCE-STKREM,DM-FENCE-STKREM,CC-PRESTART,20,Yes,
WS-FENCE-STKREM-PRESTART-03,Set out work location,SI-FENCE-STKREM,DM-FENCE-STKREM,CC-PRESTART,30,Yes,
WS-FENCE-STKREM-BREAKOUT-01,Break out existing surface,SI-FENCE-STKREM,DM-FENCE-STKREM,CC-BREAKOUT,10,Conditional,
WS-FENCE-STKREM-BREAKOUT-02,Remove breakout material,SI-FENCE-STKREM,DM-FENCE-STKREM,CC-BREAKOUT,20,Conditional,
WS-FENCE-STKREM-EXC-01,Excavate work area,SI-FENCE-STKREM,DM-FENCE-STKREM,CC-EXC,10,Conditional,
WS-FENCE-STKREM-EXC-02,Trim formation / sidewalls / base,SI-FENCE-STKREM,DM-FENCE-STKREM,CC-EXC,20,Conditional,
WS-FENCE-STKREM-INSTALL-01,Install main item,SI-FENCE-STKREM,DM-FENCE-STKREM,CC-INSTALL,10,Yes,
WS-FENCE-STKREM-TIEIN-01,Form tie-ins / penetrations / edges,SI-FENCE-STKREM,DM-FENCE-STKREM,CC-TIEIN,10,Conditional,
WS-FENCE-STKREM-BFILL-01,Backfill in lifts,SI-FENCE-STKREM,DM-FENCE-STKREM,CC-BFILL,10,Conditional,
WS-FENCE-STKREM-BFILL-02,Compact backfill / placed material,SI-FENCE-STKREM,DM-FENCE-STKREM,CC-BFILL,20,Conditional,
WS-FENCE-STKREM-REINSTATE-01,Reinstate local surface,SI-FENCE-STKREM,DM-FENCE-STKREM,CC-REINSTATE,10,Conditional,
WS-FENCE-STKREM-QA-01,Capture QA records and as-builts,SI-FENCE-STKREM,DM-FENCE-STKREM,CC-QA,10,Yes,
WS-FENCE-STKREM-QA-02,Final inspection and closeout,SI-FENCE-STKREM,DM-FENCE-STKREM,CC-QA,20,Yes,
WS-PRELIM-SITEVIS-PRESTART-01,Review drawings and records,SI-PRELIM-SITEVIS,DM-PRELIM-SITEVIS-STD,CC-PRESTART,10,Yes,
WS-PRELIM-SITEVIS-PRESTART-02,Confirm site constraints and controls,SI-PRELIM-SITEVIS,DM-PRELIM-SITEVIS-STD,CC-PRESTART,20,Yes,
WS-PRELIM-SITEVIS-PRESTART-03,Set out work location,SI-PRELIM-SITEVIS,DM-PRELIM-SITEVIS-STD,CC-PRESTART,30,Yes,
WS-PRELIM-SITEVIS-QA-01,Capture QA records and as-builts,SI-PRELIM-SITEVIS,DM-PRELIM-SITEVIS-STD,CC-QA,10,Yes,
WS-PRELIM-SITEVIS-QA-02,Final inspection and closeout,SI-PRELIM-SITEVIS,DM-PRELIM-SITEVIS-STD,CC-QA,20,Yes,
WS-PRELIM-CONSTR-PRESTART-01,Review drawings and records,SI-PRELIM-CONSTR,DM-PRELIM-CONSTR-STD,CC-PRESTART,10,Yes,
WS-PRELIM-CONSTR-PRESTART-02,Confirm site constraints and controls,SI-PRELIM-CONSTR,DM-PRELIM-CONSTR-STD,CC-PRESTART,20,Yes,
WS-PRELIM-CONSTR-PRESTART-03,Set out work location,SI-PRELIM-CONSTR,DM-PRELIM-CONSTR-STD,CC-PRESTART,30,Yes,
WS-PRELIM-CONSTR-QA-01,Capture QA records and as-builts,SI-PRELIM-CONSTR,DM-PRELIM-CONSTR-STD,CC-QA,10,Yes,
WS-PRELIM-CONSTR-QA-02,Final inspection and closeout,SI-PRELIM-CONSTR,DM-PRELIM-CONSTR-STD,CC-QA,20,Yes,
WS-PRELIM-SETOUT-PRESTART-01,Review drawings and records,SI-PRELIM-SETOUT,DM-PRELIM-SETOUT-STD,CC-PRESTART,10,Yes,
WS-PRELIM-SETOUT-PRESTART-02,Confirm site constraints and controls,SI-PRELIM-SETOUT,DM-PRELIM-SETOUT-STD,CC-PRESTART,20,Yes,
WS-PRELIM-SETOUT-PRESTART-03,Set out work location,SI-PRELIM-SETOUT,DM-PRELIM-SETOUT-STD,CC-PRESTART,30,Yes,
WS-PRELIM-SETOUT-QA-01,Capture QA records and as-builts,SI-PRELIM-SETOUT,DM-PRELIM-SETOUT-STD,CC-QA,10,Yes,
WS-PRELIM-SETOUT-QA-02,Final inspection and closeout,SI-PRELIM-SETOUT,DM-PRELIM-SETOUT-STD,CC-QA,20,Yes,
WS-PRELIM-ECO-PRESTART-01,Review drawings and records,SI-PRELIM-ECO,DM-PRELIM-ECO-STD,CC-PRESTART,10,Yes,
WS-PRELIM-ECO-PRESTART-02,Confirm site constraints and controls,SI-PRELIM-ECO,DM-PRELIM-ECO-STD,CC-PRESTART,20,Yes,
WS-PRELIM-ECO-PRESTART-03,Set out work location,SI-PRELIM-ECO,DM-PRELIM-ECO-STD,CC-PRESTART,30,Yes,
WS-PRELIM-ECO-QA-01,Capture QA records and as-builts,SI-PRELIM-ECO,DM-PRELIM-ECO-STD,CC-QA,10,Yes,
WS-PRELIM-ECO-QA-02,Final inspection and closeout,SI-PRELIM-ECO,DM-PRELIM-ECO-STD,CC-QA,20,Yes,
WS-PRELIM-DILAP-PRESTART-01,Review drawings and records,SI-PRELIM-DILAP,DM-PRELIM-DILAP-STD,CC-PRESTART,10,Yes,
WS-PRELIM-DILAP-PRESTART-02,Confirm site constraints and controls,SI-PRELIM-DILAP,DM-PRELIM-DILAP-STD,CC-PRESTART,20,Yes,
WS-PRELIM-DILAP-PRESTART-03,Set out work location,SI-PRELIM-DILAP,DM-PRELIM-DILAP-STD,CC-PRESTART,30,Yes,
WS-PRELIM-DILAP-QA-01,Capture QA records and as-builts,SI-PRELIM-DILAP,DM-PRELIM-DILAP-STD,CC-QA,10,Yes,
WS-PRELIM-DILAP-QA-02,Final inspection and closeout,SI-PRELIM-DILAP,DM-PRELIM-DILAP-STD,CC-QA,20,Yes,
WS-PRELIM-INDUCT-PRESTART-01,Review drawings and records,SI-PRELIM-INDUCT,DM-PRELIM-INDUCT-STD,CC-PRESTART,10,Yes,
WS-PRELIM-INDUCT-PRESTART-02,Confirm site constraints and controls,SI-PRELIM-INDUCT,DM-PRELIM-INDUCT-STD,CC-PRESTART,20,Yes,
WS-PRELIM-INDUCT-PRESTART-03,Set out work location,SI-PRELIM-INDUCT,DM-PRELIM-INDUCT-STD,CC-PRESTART,30,Yes,
WS-PRELIM-INDUCT-QA-01,Capture QA records and as-builts,SI-PRELIM-INDUCT,DM-PRELIM-INDUCT-STD,CC-QA,10,Yes,
WS-PRELIM-INDUCT-QA-02,Final inspection and closeout,SI-PRELIM-INDUCT,DM-PRELIM-INDUCT-STD,CC-QA,20,Yes,
WS-PRELIM-WASTE-PRESTART-01,Review drawings and records,SI-PRELIM-WASTE,DM-PRELIM-WASTE-STD,CC-PRESTART,10,Yes,
WS-PRELIM-WASTE-PRESTART-02,Confirm site constraints and controls,SI-PRELIM-WASTE,DM-PRELIM-WASTE-STD,CC-PRESTART,20,Yes,
WS-PRELIM-WASTE-PRESTART-03,Set out work location,SI-PRELIM-WASTE,DM-PRELIM-WASTE-STD,CC-PRESTART,30,Yes,
WS-PRELIM-WASTE-QA-01,Capture QA records and as-builts,SI-PRELIM-WASTE,DM-PRELIM-WASTE-STD,CC-QA,10,Yes,
WS-PRELIM-WASTE-QA-02,Final inspection and closeout,SI-PRELIM-WASTE,DM-PRELIM-WASTE-STD,CC-QA,20,Yes,
WS-PRELIM-PWRAUD-PRESTART-01,Review drawings and records,SI-PRELIM-PWRAUD,DM-PRELIM-PWRAUD-STD,CC-PRESTART,10,Yes,
WS-PRELIM-PWRAUD-PRESTART-02,Confirm site constraints and controls,SI-PRELIM-PWRAUD,DM-PRELIM-PWRAUD-STD,CC-PRESTART,20,Yes,
WS-PRELIM-PWRAUD-PRESTART-03,Set out work location,SI-PRELIM-PWRAUD,DM-PRELIM-PWRAUD-STD,CC-PRESTART,30,Yes,
WS-PRELIM-PWRAUD-QA-01,Capture QA records and as-builts,SI-PRELIM-PWRAUD,DM-PRELIM-PWRAUD-STD,CC-QA,10,Yes,
WS-PRELIM-PWRAUD-QA-02,Final inspection and closeout,SI-PRELIM-PWRAUD,DM-PRELIM-PWRAUD-STD,CC-QA,20,Yes,
WS-PRELIM-SUPER-PRESTART-01,Review drawings and records,SI-PRELIM-SUPER,DM-PRELIM-SUPER-STD,CC-PRESTART,10,Yes,
WS-PRELIM-SUPER-PRESTART-02,Confirm site constraints and controls,SI-PRELIM-SUPER,DM-PRELIM-SUPER-STD,CC-PRESTART,20,Yes,
WS-PRELIM-SUPER-PRESTART-03,Set out work location,SI-PRELIM-SUPER,DM-PRELIM-SUPER-STD,CC-PRESTART,30,Yes,
WS-PRELIM-SUPER-QA-01,Capture QA records and as-builts,SI-PRELIM-SUPER,DM-PRELIM-SUPER-STD,CC-QA,10,Yes,
WS-PRELIM-SUPER-QA-02,Final inspection and closeout,SI-PRELIM-SUPER,DM-PRELIM-SUPER-STD,CC-QA,20,Yes,
WS-PRELIM-ENGFIN-PRESTART-01,Review drawings and records,SI-PRELIM-ENGFIN,DM-PRELIM-ENGFIN-STD,CC-PRESTART,10,Yes,
WS-PRELIM-ENGFIN-PRESTART-02,Confirm site constraints and controls,SI-PRELIM-ENGFIN,DM-PRELIM-ENGFIN-STD,CC-PRESTART,20,Yes,
WS-PRELIM-ENGFIN-PRESTART-03,Set out work location,SI-PRELIM-ENGFIN,DM-PRELIM-ENGFIN-STD,CC-PRESTART,30,Yes,
WS-PRELIM-ENGFIN-QA-01,Capture QA records and as-builts,SI-PRELIM-ENGFIN,DM-PRELIM-ENGFIN-STD,CC-QA,10,Yes,
WS-PRELIM-ENGFIN-QA-02,Final inspection and closeout,SI-PRELIM-ENGFIN,DM-PRELIM-ENGFIN-STD,CC-QA,20,Yes,
WS-ENV-TC-OVERLAY-01,Apply overlay support activity,SI-ENV-TC,DM-ENV-TC-STD,CC-OVERLAY,10,Yes,
WS-ENV-SEDF-OVERLAY-01,Apply overlay support activity,SI-ENV-SEDF,DM-ENV-SEDF-STD,CC-OVERLAY,10,Yes,
WS-ENV-TREE-OVERLAY-01,Apply overlay support activity,SI-ENV-TREE,DM-ENV-TREE-STD,CC-OVERLAY,10,Yes,
WS-ENV-DUST-OVERLAY-01,Apply overlay support activity,SI-ENV-DUST,DM-ENV-DUST-STD,CC-OVERLAY,10,Yes,
WS-ENV-MUD-OVERLAY-01,Apply overlay support activity,SI-ENV-MUD,DM-ENV-MUD-STD,CC-OVERLAY,10,Yes,
WS-GEN-DEP-BH-PRESTART-01__SI-GEN-DEP-BH__DM-GEN-DEP-BH-METRO,Review drawings and records,SI-GEN-DEP-BH,DM-GEN-DEP-BH-METRO,CC-PRESTART,10,Yes,
WS-GEN-DEP-BH-PRESTART-02__SI-GEN-DEP-BH__DM-GEN-DEP-BH-METRO,Confirm site constraints and controls,SI-GEN-DEP-BH,DM-GEN-DEP-BH-METRO,CC-PRESTART,20,Yes,
WS-GEN-DEP-BH-PRESTART-03__SI-GEN-DEP-BH__DM-GEN-DEP-BH-METRO,Set out work location,SI-GEN-DEP-BH,DM-GEN-DEP-BH-METRO,CC-PRESTART,30,Yes,
WS-GEN-DEP-BH-HIRE-01__SI-GEN-DEP-BH__DM-GEN-DEP-BH-METRO,Mobilise / demobilise hire or overlay support,SI-GEN-DEP-BH,DM-GEN-DEP-BH-METRO,CC-HIRE,10,Yes,
WS-GEN-DEP-BH-PRESTART-01__SI-GEN-DEP-BH__DM-GEN-DEP-BH-REG,Review drawings and records,SI-GEN-DEP-BH,DM-GEN-DEP-BH-REG,CC-PRESTART,10,Yes,
WS-GEN-DEP-BH-PRESTART-02__SI-GEN-DEP-BH__DM-GEN-DEP-BH-REG,Confirm site constraints and controls,SI-GEN-DEP-BH,DM-GEN-DEP-BH-REG,CC-PRESTART,20,Yes,
WS-GEN-DEP-BH-PRESTART-03__SI-GEN-DEP-BH__DM-GEN-DEP-BH-REG,Set out work location,SI-GEN-DEP-BH,DM-GEN-DEP-BH-REG,CC-PRESTART,30,Yes,
WS-GEN-DEP-BH-HIRE-01__SI-GEN-DEP-BH__DM-GEN-DEP-BH-REG,Mobilise / demobilise hire or overlay support,SI-GEN-DEP-BH,DM-GEN-DEP-BH-REG,CC-HIRE,10,Yes,
WS-GEN-DEP-AH-PRESTART-01,Review drawings and records,SI-GEN-DEP-AH,DM-GEN-DEP-AH-STD,CC-PRESTART,10,Yes,
WS-GEN-DEP-AH-PRESTART-02,Confirm site constraints and controls,SI-GEN-DEP-AH,DM-GEN-DEP-AH-STD,CC-PRESTART,20,Yes,
WS-GEN-DEP-AH-PRESTART-03,Set out work location,SI-GEN-DEP-AH,DM-GEN-DEP-AH-STD,CC-PRESTART,30,Yes,
WS-GEN-DEP-AH-HIRE-01,Mobilise / demobilise hire or overlay support,SI-GEN-DEP-AH,DM-GEN-DEP-AH-STD,CC-HIRE,10,Yes,
WS-GEN-HIRE-DAY-PRESTART-01,Review drawings and records,SI-GEN-HIRE-DAY,DM-GEN-HIRE-DAY-STD,CC-PRESTART,10,Yes,
WS-GEN-HIRE-DAY-PRESTART-02,Confirm site constraints and controls,SI-GEN-HIRE-DAY,DM-GEN-HIRE-DAY-STD,CC-PRESTART,20,Yes,
WS-GEN-HIRE-DAY-PRESTART-03,Set out work location,SI-GEN-HIRE-DAY,DM-GEN-HIRE-DAY-STD,CC-PRESTART,30,Yes,
WS-GEN-HIRE-DAY-HIRE-01,Mobilise / demobilise hire or overlay support,SI-GEN-HIRE-DAY,DM-GEN-HIRE-DAY-STD,CC-HIRE,10,Yes,
WS-GEN-HIRE-WK-PRESTART-01,Review drawings and records,SI-GEN-HIRE-WK,DM-GEN-HIRE-WK-STD,CC-PRESTART,10,Yes,
WS-GEN-HIRE-WK-PRESTART-02,Confirm site constraints and controls,SI-GEN-HIRE-WK,DM-GEN-HIRE-WK-STD,CC-PRESTART,20,Yes,
WS-GEN-HIRE-WK-PRESTART-03,Set out work location,SI-GEN-HIRE-WK,DM-GEN-HIRE-WK-STD,CC-PRESTART,30,Yes,
WS-GEN-HIRE-WK-HIRE-01,Mobilise / demobilise hire or overlay support,SI-GEN-HIRE-WK,DM-GEN-HIRE-WK-STD,CC-HIRE,10,Yes,
WS-GEN-FUEL-OVERLAY-01,Apply overlay support activity,SI-GEN-FUEL,DM-GEN-FUEL-STD,CC-OVERLAY,10,Yes,
WS-GEN-SWITCH-OVERLAY-01,Apply overlay support activity,SI-GEN-SWITCH,DM-GEN-SWITCH-STD,CC-OVERLAY,10,Yes,
WS-RAIL-TRACK-OVERLAY-01,Apply overlay support activity,SI-RAIL-TRACK,DM-RAIL-TRACK-STD,CC-OVERLAY,10,Yes,
